Book Id,Title,Author,Author l-f,Additional Authors,ISBN,ISBN13,My Rating,Average Rating,Publisher,Binding,Number of Pages,Year Published,Original Publication Year,Date Read,Date Added,Bookshelves,Bookshelves with positions,Exclusive Shelf,My Review,Spoiler,Private Notes,Read Count,Recommended For,Recommended By,Owned Copies,Original Purchase Date,Original Purchase Location,Condition,Condition Description,BCID
35485447,"The Monster Baru Cormorant (Baru Cormorant, #2)",Seth Dickinson,"Dickinson, Seth",,,,0,4.5,,Hardcover,720,2018,2018,,08/02/2018,to-read,to-read (#20),to-read,,,,0,,,0,,,,,
23444482,"The Traitor Baru Cormorant (Baru Cormorant, #1)",Seth Dickinson,"Dickinson, Seth",,0765380722,9780765380722,5,4.04,Tor,Hardcover,399,2015,2015,08/02/2018,08/02/2018,,,read,,,,1,,,0,,,,,
13262783,"Every Day (Every Day, #1)",David Levithan,"Levithan, David",,0307931889,9780307931887,3,3.99,Knopf Books for Young Readers,Hardcover,322,2012,2012,07/02/2018,07/02/2018,,,read,,,,1,,,0,,,,,
28335696,"Persepolis Rising (The Expanse, #7)",James S.A. Corey,"Corey, James S.A.",,0316332828,9780316332828,5,4.36,Orbit Books,ebook,608,2017,2017,28/03/2017,28/03/2017,,,read,,,,1,,,0,,,,,
18136725,"Damnation (Theirs Not to Reason Why, #5)",Jean Johnson,"Johnson, Jean",,,,4,4.19,Ace,ebook,,2014,2014,04/01/2018,04/01/2018,,,read,,,,1,,,0,,,,,
21418011,"Hardship (Theirs Not to Reason Why, #4)",Jean Johnson,"Johnson, Jean",,,,3,4.16,Ace,Kindle Edition,320,2014,2014,30/12/2017,30/12/2017,,,read,,,,1,,,0,,,,,
15781698,"Hellfire (Theirs Not to Reason Why, #3)",Jean Johnson,"Johnson, Jean",,0425256502,9780425256503,3,4.1,Ace Books,Mass Market Paperback,480,2013,2013,30/12/2017,30/12/2017,,,read,,,,1,,,0,,,,,
12476223,"An Officer's Duty (Theirs Not to Reason Why, #2)",Jean Johnson,"Johnson, Jean",,,,4,4.13,Ace,Kindle Edition,448,2012,2012,25/12/2017,25/12/2017,,,read,,,,1,,,0,,,,,
10814635,"A Soldier's Duty (Theirs Not to Reason Why, #1)",Jean Johnson,"Johnson, Jean",,0441020631,9780441020638,4,3.99,Ace,Mass Market Paperback,432,2011,2011,25/12/2017,25/12/2017,,,read,,,,1,,,0,,,,,
102327,Armor,John Steakley,"Steakley, John",,0886773687,9780886773687,5,4.12,DAW,Mass Market Paperback,426,1984,1984,21/12/2017,21/12/2017,,,read,,,,1,,,0,,,,,
12269981,"A Rising Thunder (Honor Harrington, #13)",David Weber,"Weber, David",,145163806X,9781451638066,3,4.07,Baen,Hardcover,458,2012,2012,19/12/2017,19/12/2017,,,read,,,,1,,,0,,,,,
7106681,"Mission of Honor (Honor Harrington, #12)",David Weber,"Weber, David",,1439133611,9781439133613,4,4.19,Baen,Hardcover,600,2010,2010,16/12/2017,16/12/2017,,,read,,,,1,,,0,,,,,
77739,"Honor Among Enemies (Honor Harrington, #6)",David Weber,"Weber, David",,0671877836,9780671877835,3,4.24,Baen,Paperback,544,1997,1996,09/12/2017,09/12/2017,,,read,,,,1,,,0,,,,,
77732,"At All Costs (Honor Harrington, #11)",David Weber,"Weber, David",,1416509119,9781416509110,3,4.18,Baen,Hardcover,855,2005,2005,09/12/2017,09/12/2017,,,read,,,,1,,,0,,,,,
77743,"War of Honor (Honor Harrington, #10)",David Weber,"Weber, David",,0743435451,9780743435451,3,4.11,Baen,Hardcover,869,2002,2002,01/12/2017,01/12/2017,,,read,,,,1,,,0,,,,,
77742,"Ashes of Victory (Honor Harrington, #9)",David Weber,"Weber, David",,0671319779,9780671319779,3,4.16,Baen,Mass Market Paperback,672,2001,2000,27/11/2017,27/11/2017,,,read,,,,1,,,0,,,,,
33853019,A Lonesome Fragrance Waiting to be Appreciated Vol. 1,Feng Nong,"Nong, Feng",,,,3,4.37,,,600,2010,2005,13/02/2017,13/02/2017,,,read,,,,1,,,0,,,,,
77741,"Echoes of Honor (Honor Harrington, #8)",David Weber,"Weber, David",,0671578332,9780671578336,4,4.21,Baen,Paperback,718,1999,1998,23/11/2017,23/11/2017,,,read,,,,1,,,0,,,,,
77740,"In Enemy Hands (Honor Harrington, #7)",David Weber,"Weber, David",,0671577700,9780671577704,3,4.22,Baen,Paperback,530,1998,1997,21/11/2017,21/11/2017,,,read,,,,1,,,0,,,,,
77738,"Flag in Exile (Honor Harrington, #5)",David Weber,"Weber, David",,0671876813,9780671876814,3,4.22,Baen,Paperback,443,1995,1995,18/11/2017,18/11/2017,,,read,,,,1,,,0,,,,,
504369,"Field of Dishonor (Honor Harrington, #4)",David Weber,"Weber, David",,0743435745,9780743435741,4,4.19,Baen,Mass Market Paperback,416,2002,1994,16/11/2017,16/11/2017,,,read,,,,1,,,0,,,,,
77736,"The Short Victorious War (Honor Harrington, #3)",David Weber,"Weber, David",,0671875965,9780671875961,3,4.16,Baen,Paperback,376,1994,1994,16/11/2017,16/11/2017,,,read,,,,1,,,0,,,,,
77735,"The Honor of the Queen (Honor Harrington, #2)",David Weber,"Weber, David",,0671721720,9780671721725,4,4.21,Baen Books,Paperback,422,2001,1993,15/11/2017,15/11/2017,,,read,,,,1,,,0,,,,,
15769788,"Rebel (Reboot, #2)",Amy Tintera,"Tintera, Amy",,0062217100,9780062217103,3,4.04,HarperTeen,Hardcover,340,2014,2014,14/11/2017,14/11/2017,,,read,,,,1,,,0,,,,,
35921,"On Basilisk Station (Honor Harrington, #1)",David Weber,"Weber, David",,1416509372,9781416509370,3,4.12,Baen Books,Mass Market Paperback,458,2005,1992,13/11/2017,13/11/2017,,,read,,,,1,,,0,,,,,
9557,Sputnik Sweetheart,Haruki Murakami,"Murakami, Haruki",Philip Gabriel,0099448475,9780099448471,4,3.82,Vintage,Paperback,229,2002,1999,13/11/2017,13/11/2017,,,read,,,,1,,,0,,,,,
13517455,"Reboot (Reboot, #1)",Amy Tintera,"Tintera, Amy",,0062217070,9780062217073,3,3.91,HarperTeen,Hardcover,365,2013,2013,13/11/2017,13/11/2017,,,read,,,,1,,,0,,,,,
30243858,"Fields of Fire (Frontlines, #5)",Marko Kloos,"Kloos, Marko",,,,4,4.34,47North,Kindle Edition,280,2017,2017,12/11/2017,12/11/2017,,,read,,,,1,,,0,,,,,
35391324,Points of Impact (Frontlines #6),Marko Kloos,"Kloos, Marko",,,,0,4.21,47North,Kindle Edition,297,2018,2018,,12/11/2017,to-read,to-read (#19),to-read,,,,0,,,0,,,,,
25648897,"Chains of Command (Frontlines, #4)",Marko Kloos,"Kloos, Marko",,,,4,4.26,47North,Kindle Edition,386,2016,2016,12/11/2017,12/11/2017,,,read,,,,1,,,0,,,,,
24358527,"Angles of Attack (Frontlines, #3)",Marko Kloos,"Kloos, Marko",,,,4,4.09,47North,Kindle Edition,352,2015,2015,12/11/2017,12/11/2017,,,read,,,,1,,,0,,,,,
18800655,Terms of Enlistment (Frontlines #1),Marko Kloos,"Kloos, Marko",,,,3,3.97,47North,Kindle Edition,347,2013,2013,12/11/2017,12/11/2017,,,read,,,,1,,,0,,,,,
18476102,"Lines of Departure (Frontlines, #2)",Marko Kloos,"Kloos, Marko",,1477817409,9781477817407,4,4.08,47North,Paperback,315,2014,2014,12/11/2017,12/11/2017,,,read,,,,1,,,0,,,,,
18584855,Heartless,Marissa Meyer,"Meyer, Marissa",,1250044650,9781250044655,4,4.06,Feiwel & Friends,Hardcover,453,2016,2016,08/11/2017,08/11/2017,,,read,,,,1,,,0,,,,,
23308087,"Flame in the Mist (Flame in the Mist, #1)",Renee Ahdieh,"Ahdieh, Renee",,0399171630,9780399171635,3,3.96,G.P. Putnam's Sons Books for Young Readers,Hardcover,393,2017,2017,03/11/2017,08/08/2017,,,read,,,,2,,,0,,,,,
28209634,Autonomous,Annalee Newitz,"Newitz, Annalee",,0765392070,9780765392077,4,3.64,Tor Books,Hardcover,303,2017,2017,29/10/2017,30/10/2017,,,read,,,,1,,,0,,,,,
34942741,The Consuming Fire (The Interdependency #2),John Scalzi,"Scalzi, John",,,,0,3.83,Tor Books,Kindle Edition,336,2018,2018,,10/10/2017,to-read,to-read (#18),to-read,,,,0,,,0,,,,,
18947303,"Traitor's Blade (Greatcoats, #1)",Sebastien de Castell,"Castell, Sebastien de",,184866379X,9781848663794,0,4.07,Jo Fletcher Books,Hardcover,370,2014,2014,,10/10/2017,to-read,to-read (#17),to-read,,,,0,,,0,,,,,
29217027,"Iron Gold (Red Rising Saga, #4)",Pierce Brown,"Brown, Pierce",,0425285928,9780425285923,0,4.42,Del Rey,ebook,624,2018,2018,,10/10/2017,to-read,to-read (#16),to-read,,,,0,,,0,,,,,
33375622,Her Body and Other Parties,Carmen Maria Machado,"Machado, Carmen Maria",,155597788X,9781555977887,0,3.94,Graywolf Press,Paperback,248,2017,2017,,29/09/2017,to-read,to-read (#15),to-read,,,,0,,,0,,,,,
13138734,"This Shattered World (Starbound, #2)",Amie Kaufman,"Kaufman, Amie",Meagan Spooner,1423171039,9781423171034,3,3.98,Disney-Hyperion,Hardcover,390,2014,2014,24/09/2017,24/09/2017,,,read,,,,1,,,0,,,,,
21853636,All the Rage,Courtney Summers,"Summers, Courtney",,125002191X,9781250021915,4,3.84,St. Martin's Griffin,Hardcover,321,2015,2015,21/09/2017,21/09/2017,,,read,,,,1,,,0,,,,,
35530652,"Grey Sister (Book of the Ancestor, #2)",Mark  Lawrence,"Lawrence, Mark",,0008152349,9780008152345,0,4.69,Ace,Hardcover,400,2018,2018,,21/09/2017,to-read,to-read (#14),to-read,,,,0,,,0,,,,,
33129035,"Red Sister (Book of the Ancestor, #1)",Mark  Lawrence,"Lawrence, Mark",,,,5,4.31,Harper Voyager,Kindle Edition,472,2017,2017,15/09/2017,28/03/2017,,,read,,,,1,,,0,,,,,
68452,"Pani Jeziora (Saga o Wiedźminie, #7)",Andrzej Sapkowski,"Sapkowski, Andrzej",,8370541291,9788370541293,3,4.27,superNOWA,Paperback,520,2001,1999,14/09/2017,14/09/2017,,,read,,,,1,,,0,,,,,
68455,"Wieża Jaskółki (Saga o Wiedźminie, #6)",Andrzej Sapkowski,"Sapkowski, Andrzej",,8370541240,9788370541248,4,4.33,superNOWA,Paperback,428,2001,1997,14/09/2017,14/09/2017,,,read,,,,1,,,0,,,,,
1876770,"Chrzest ognia (Saga o Wiedźminie, #5)",Andrzej Sapkowski,"Sapkowski, Andrzej",,,,3,4.36,SuperNOWA,Paperback,334,1996,1992,14/09/2017,14/09/2017,,,read,,,,1,,,0,,,,,
68453,"Czas pogardy (Saga o Wiedźminie, #4)",Andrzej Sapkowski,"Sapkowski, Andrzej",,8370540910,9788370540913,4,4.31,superNOWA,Paperback,319,1995,1995,03/09/2017,03/09/2017,,,read,,,,1,,,0,,,,,
68458,"Krew elfów (Saga o Wiedźminie, #3)",Andrzej Sapkowski,"Sapkowski, Andrzej",,8370540791,9788370540791,4,4.23,,Paperback,295,,1994,03/09/2017,03/09/2017,,,read,,,,1,,,0,,,,,
25125654,"Sword of Destiny (The Witcher, #2)",Andrzej Sapkowski,"Sapkowski, Andrzej",David French,,,5,4.4,Gollancz,Kindle Edition,385,2015,1993,03/09/2017,11/08/2017,,,read,,,,1,,,0,,,,,
1128434,The Last Wish,Andrzej Sapkowski,"Sapkowski, Andrzej",Danusia Stok,0575077832,9780575077836,5,4.2,Gollancz,Hardcover,384,2007,1993,11/08/2017,11/08/2017,,,read,,,,1,,,0,,,,,
25372801,All the Birds in the Sky,Charlie Jane Anders,"Anders, Charlie Jane",,0765379945,9780765379948,4,3.57,Tor Books,Hardcover,320,2016,2016,08/08/2017,08/08/2017,,,read,,,,1,,,0,,,,,
23308084,"The Rose & the Dagger (The Wrath and the Dawn, #2)",Renee Ahdieh,"Ahdieh, Renee",,0399171622,9780399171628,3,4.18,G.P. Putnam's Sons Books for Young Readers,Hardcover,416,2016,2016,06/08/2017,06/08/2017,,,read,,,,1,,,0,,,,,
18798983,"The Wrath and the Dawn (The Wrath and the Dawn, #1)",Renee Ahdieh,"Ahdieh, Renee",,0399171614,9780399171611,4,4.18,G.P. Putnam's Sons Books for Young Readers,Hardcover,404,2015,2015,06/08/2017,06/08/2017,,,read,,,,1,,,0,,,,,
31522139,"City of Miracles (The Divine Cities, #3)",Robert Jackson Bennett,"Bennett, Robert Jackson",,0553419730,9780553419733,4,4.45,Broadway Books,Paperback,451,2017,2017,03/08/2017,04/08/2017,,,read,,,,1,,,0,,,,,
23909755,"City of Blades (The Divine Cities, #2)",Robert Jackson Bennett,"Bennett, Robert Jackson",,0553419714,9780553419719,5,4.23,Broadway Books,Paperback,484,2016,2016,01/08/2017,01/08/2017,,,read,,,,2,,,0,,,,,
20174424,"City of Stairs (The Divine Cities, #1)",Robert Jackson Bennett,"Bennett, Robert Jackson",,080413717X,9780804137171,5,4.12,Broadway Books,Paperback,452,2014,2014,29/07/2017,30/07/2017,,,read,,,,1,,,0,,,,,
28145767,"Strange the Dreamer (Strange the Dreamer, #1)",Laini Taylor,"Taylor, Laini",,,,5,4.39,"Little, Brown Books for Young Readers",Kindle Edition,528,2017,2017,20/07/2017,11/07/2016,,,read,,,,1,,,0,,,,,
22817331,"Now I Rise (The Conqueror's Saga, #2)",Kiersten White,"White, Kiersten",,0553522353,9780553522358,4,4.25,Delacorte Press,Hardcover,471,2017,2017,20/07/2017,10/07/2016,,,read,,,,2,,,0,,,,,
30192366,"Wrath (The Faithful and the Fallen, #4)",John Gwynne,"Gwynne, John",,,,5,4.47,Pan,Kindle Edition,720,2016,2016,18/07/2017,09/07/2017,,,read,,,,1,,,0,,,,,
25155602,"Ruin (The Faithful and the Fallen, #3)",John Gwynne,"Gwynne, John",,,,4,4.42,Tor,Kindle Edition,672,2015,2015,09/07/2017,04/07/2017,,,read,,,,1,,,0,,,,,
21324349,"Valour (The Faithful and the Fallen, #2)",John Gwynne,"Gwynne, John",,,,4,4.37,Pan,Kindle Edition,669,2014,2014,04/07/2017,30/06/2017,,,read,,,,1,,,0,,,,,
16300835,"Malice (The Faithful and the Fallen, #1)",John Gwynne,"Gwynne, John",,,,4,4.12,Pan,Kindle Edition,641,2012,2012,30/06/2017,23/06/2017,,,read,,,,1,,,0,,,,,
33590260,"Untitled (Throne of Glass, #7)",Sarah J. Maas,"Maas, Sarah J.",,1619636107,9781619636101,0,4.62,Bloomsbury YA,Hardcover,702,2018,2018,,22/06/2017,to-read,to-read (#13),to-read,,,,0,,,0,,,,,
31450852,"Tower of Dawn (Throne of Glass, #6)",Sarah J. Maas,"Maas, Sarah J.",,1681195771,9781681195773,0,4.48,Bloomsbury USA Childrens,Hardcover,664,2017,2017,,22/06/2017,to-read,to-read (#12),to-read,,,,0,,,0,,,,,
18006496,"Queen of Shadows (Throne of Glass, #4)",Sarah J. Maas,"Maas, Sarah J.",,1619636042,9781619636040,3,4.6,Bloomsbury USA Childrens,Hardcover,648,2015,2015,19/06/2017,19/06/2017,,,read,,,,1,,,0,,,,,
28260587,"Empire of Storms (Throne of Glass, #5)",Sarah J. Maas,"Maas, Sarah J.",,1619636077,9781619636071,4,4.58,Bloomsbury Children's Books,Hardcover,693,2016,2016,22/06/2017,22/06/2017,,,read,,,,1,,,0,,,,,
20613470,"Heir of Fire (Throne of Glass, #3)",Sarah J. Maas,"Maas, Sarah J.",,1619630656,9781619630659,3,4.52,Bloomsbury USA Childrens,Hardcover,565,2014,2014,17/06/2017,17/06/2017,,,read,,,,1,,,0,,,,,
17167166,"Crown of Midnight (Throne of Glass, #2)",Sarah J. Maas,"Maas, Sarah J.",,1619630621,9781619630628,4,4.48,Bloomsbury USA Childrens,Hardcover,418,2013,2013,14/06/2017,14/06/2017,,,read,,,,1,,,0,,,,,
7896527,"Throne of Glass (Throne of Glass, #1)",Sarah J. Maas,"Maas, Sarah J.",,1599906953,9781599906959,3,4.23,Bloomsbury USA Children's,Hardcover,404,2012,2012,13/06/2017,13/06/2017,,,read,,,,1,,,0,,,,,
34348998,"Mira's Last Dance (Penric and Desdemona, #4)",Lois McMaster Bujold,"Bujold, Lois McMaster",,,,4,4.28,"Spectrum Literary Agency, Inc",Kindle Edition,87,2017,2017,11/06/2017,10/06/2017,,,read,,,,1,,,0,,,,,
32858701,"Penric’s Mission (Penric and Desdemona, #3)",Lois McMaster Bujold,"Bujold, Lois McMaster",,,,4,4.36,"Spectrum Literary Agency, Inc",Kindle Edition,145,2016,2016,10/06/2017,10/06/2017,,,read,,,,1,,,0,,,,,
30365013,"Penric and the Shaman (Penric and Desdemona, #2)",Lois McMaster Bujold,"Bujold, Lois McMaster",,,,4,4.24,"Spectrum Literary Agency, Inc.",ebook,160,2016,2016,10/06/2017,10/06/2017,,,read,,,,2,,,0,,,,,
25791216,"Penric's Demon (Penric and Desdemona, #1)",Lois McMaster Bujold,"Bujold, Lois McMaster",,,,4,4.2,,Kindle Edition,109,2015,2015,10/06/2017,10/06/2017,,,read,,,,1,,,0,,,,,
6583566,"The Hallowed Hunt (Chalion, #3)",Lois McMaster Bujold,"Bujold, Lois McMaster",,,,4,3.83,HarperCollins e-books,Kindle Edition,448,2009,2005,08/06/2017,08/06/2017,,,read,,,,1,,,0,,,,,
33837269,"A Conjuring of Light (Shades of Magic, #3)",V.E. Schwab,"Schwab, V.E.",,,,4,4.4,Titan Books,Kindle Edition,666,2017,2017,05/04/2017,07/07/2016,,,read,,,,1,,,0,,,,,
11307625,"Revelation Space (Revelation Space, #1)",Alastair Reynolds,"Reynolds, Alastair",,,,4,3.97,Gollancz,Kindle Edition,596,2009,2000,31/05/2017,31/05/2017,,,read,,,,1,,,0,,,,,
9300768,"The Heroes (First Law World, #5)",Joe Abercrombie,"Abercrombie, Joe",,0316123358,9780316123358,4,4.27,Orbit,ebook,581,2011,2011,27/04/2017,27/04/2017,,,read,,,,1,,,0,,,,,
2315892,Best Served Cold,Joe Abercrombie,"Abercrombie, Joe",,0575082453,9780575082458,4,4.17,Gollancz,Hardcover,534,2009,2009,16/04/2017,16/04/2017,,,read,,,,1,,,0,,,,,
29939230,"A Conjuring of Light (Shades of Magic, #3)",V.E. Schwab,"Schwab, V.E.",,0765387468,9780765387462,4,4.4,Tor Books,Hardcover,624,2017,2017,05/04/2017,05/04/2017,,,read,,,,1,,,0,,,,,
30078567,The Collapsing Empire (The Interdependency #1),John Scalzi,"Scalzi, John",,0765388898,9780765388896,4,4.1,Tor Books,ebook,336,2017,2017,30/10/2016,30/10/2016,,,read,,,,1,,,0,,,,,
10793800,"A Pitiless Rain (The Chronicles of the Black Company, #10)",Glen Cook,"Cook, Glen",,,,0,4.3,,Hardcover,,,,,02/04/2017,to-read,to-read (#11),to-read,,,,0,,,0,,,,,
400899,"Soldiers Live (The Chronicles of the Black Company, #9)",Glen Cook,"Cook, Glen",,0812566556,9780812566550,5,4.2,Tor Fantasy,Mass Market Paperback,566,2001,2000,02/04/2017,02/04/2017,,,read,,,,1,,,0,,,,,
349470,"Water Sleeps (The Chronicles of the Black Company, #8)",Glen Cook,"Cook, Glen",,0812555341,9780812555349,4,4.06,Tor Fantasy,Mass Market Paperback,470,2000,1999,29/03/2017,29/03/2017,,,read,,,,1,,,0,,,,,
400897,"She is the Darkness (The Chronicles of the Black Company, #7)",Glen Cook,"Cook, Glen",,0812555333,9780812555332,4,4.09,Tor Fantasy,Mass Market Paperback,470,1998,1997,23/03/2017,23/03/2017,,,read,,,,1,,,0,,,,,
400911,"Bleak Seasons (The Chronicles of the Black Company, #6)",Glen Cook,"Cook, Glen",,0812555325,9780812555325,3,3.95,Tor Fantasy,Mass Market Paperback,316,1997,1996,28/01/2017,28/01/2017,,,read,,,,1,,,0,,,,,
400914,"The Silver Spike (The Chronicles of the Black Company, #3.5)",Glen Cook,"Cook, Glen",,0812502205,9780812502206,4,3.95,Tor Fantasy,Mass Market Paperback,313,1989,1989,26/01/2017,26/01/2017,,,read,,,,1,,,0,,,,,
21570318,Crimson Bound,Rosamund Hodge,"Hodge, Rosamund",,,,3,3.67,Balzer + Bray,Kindle Edition,448,2015,2015,24/01/2017,24/01/2017,,,read,,,,1,,,0,,,,,
400900,"Dreams of Steel (The Chronicles of the Black Company, #5)",Glen Cook,"Cook, Glen",,0812502108,9780812502107,5,4.09,Tor Books,Mass Market Paperback,346,1990,1990,22/01/2017,22/01/2017,,,read,,,,1,,,0,,,,,
113540,"Shadow Games (The Chronicles of the Black Company, #4)",Glen Cook,"Cook, Glen",,0812533828,9780812533828,4,4.09,Tor Fantasy,Mass Market Paperback,311,1989,1989,20/01/2017,20/01/2017,,,read,,,,1,,,0,,,,,
140671,"The Black Company (The Chronicles of the Black Company, #1)",Glen Cook,"Cook, Glen",,0812521390,9780812521399,4,3.96,Tor Fantasy,Mass Market Paperback,319,1992,1984,07/01/2017,07/01/2017,,,read,,,,1,,,0,,,,,
400906,"The White Rose (The Chronicles of the Black Company, #3)",Glen Cook,"Cook, Glen",,0812508440,9780812508444,5,4.19,Tor Fantasy,Paperback,317,1985,1985,17/01/2017,17/01/2017,,,read,,,,1,,,0,,,,,
400881,"Shadows Linger (The Chronicles of the Black Company, #2)",Glen Cook,"Cook, Glen",,0812508424,9780812508420,4,4.16,Tor Books,Paperback,319,1990,1984,17/01/2017,17/01/2017,,,read,,,,1,,,0,,,,,
28876,"His Majesty's Dragon (Temeraire, #1)",Naomi Novik,"Novik, Naomi",,0345481283,9780345481283,5,4.05,Del Rey,Mass Market Paperback,353,2006,2006,02/01/2017,02/01/2017,,,read,,,,1,,,0,,,,,
28588345,"The Midnight Star (The Young Elites, #3)",Marie Lu,"Lu, Marie",,0399167854,9780399167850,3,4.14,G.P. Putnam's Sons Books for Young Readers,Hardcover,316,2016,2016,01/01/2017,07/07/2016,,,read,,,,1,,,0,,,,,
21479290,"The Hanging Tree (Peter Grant, #6)",Ben Aaronovitch,"Aaronovitch, Ben",,0575132558,9780575132559,4,4.22,Gollancz,Hardcover,387,2016,2016,21/12/2016,04/03/2015,,,read,,,,1,,,0,,,,,
25877663,"Babylon's Ashes (The Expanse, #6)",James S.A. Corey,"Corey, James S.A.",,0356504263,9780356504261,4,4.18,Orbit,Hardcover,538,2016,2016,18/12/2016,06/10/2015,,,read,,,,1,,,0,,,,,
8447255,"The Crippled God (The Malazan Book of the Fallen, #10)",Steven Erikson,"Erikson, Steven",,0593046358,9780593046357,5,4.44,Bantam Press,Hardcover,921,2011,2011,15/12/2016,14/12/2016,,,read,,,,1,,,0,,,,,
4703427,"Dust of Dreams (The Malazan Book of the Fallen, #9)",Steven Erikson,"Erikson, Steven",,0765316552,9780765316554,4,4.31,Tom Doherty Associates,Paperback,1280,2009,2009,13/11/2016,13/12/2016,,,read,,,,1,,,0,,,,,
21787,The Princess Bride,William Goldman,"Goldman, William",,0345418263,9780345418265,4,4.25,Ballantine Books (Ballantine Reader's Circle),Paperback,398,2003,1973,05/10/2015,05/10/2016,,,read,,,,1,,,0,,,,,
15845945,"Flesh (Flesh, #1)",Kylie Scott,"Scott, Kylie",,174334080X,9781743340806,4,3.63,Momentum,ebook,288,2012,2012,06/03/2015,06/03/2015,,,read,,,,1,,,0,,,,,
15863832,"Angelfall (Penryn & the End of Days, #1)",Susan Ee,"Ee, Susan",,,,3,4.18,Skyscape,Kindle Edition,288,2012,2011,03/06/2015,03/06/2015,,,read,,,,1,,,0,,,,,
18500665,"End of Days (Penryn & the End of Days, #3)",Susan Ee,"Ee, Susan",,,,3,4.1,Skyscape,Kindle Edition,344,2015,2015,03/06/2015,03/06/2015,,,read,,,,1,,,0,,,,,
25155958,Gentleman Jole and the Red Queen,Lois McMaster Bujold,"Bujold, Lois McMaster",,,9781625794802,4,3.81,Baen Books,ebook,352,2016,2016,06/10/2016,06/10/2015,,,read,,,,1,,,0,,,,,
11324166,"Timeless (Parasol Protectorate, #5)",Gail Carriger,"Carriger, Gail",,,,4,4.12,Orbit,Kindle Edition,407,2012,2012,16/12/2014,16/12/2014,,,read,,,,1,,,0,,,,,
17563080,"Murder of Crows (The Others, #2)",Anne Bishop,"Bishop, Anne",,,,5,4.3,Roc,Kindle Edition,369,2014,2014,16/01/2015,16/01/2015,,,read,,,,1,,,0,,,,,
18297707,"Tangled (Tangled, #1)",Emma Chase,"Chase, Emma",,,,4,4.12,Gallery Books,Kindle Edition,254,2013,2013,11/03/2015,11/03/2015,,,read,,,,1,,,0,,,,,
22816087,Seveneves,Neal Stephenson,"Stephenson, Neal",,,,4,3.98,William Morrow,Kindle Edition,880,2015,2015,17/12/2015,17/12/2015,,,read,,,,1,,,0,,,,,
19095025,"Play (Stage Dive, #2)",Kylie Scott,"Scott, Kylie",,,,4,4.32,St. Martin's Griffin,Kindle Edition,294,2014,2014,04/03/2015,04/03/2015,,,read,,,,1,,,0,,,,,
22296819,"Addicted for Now (Addicted, #2)",Krista Ritchie,"Ritchie, Krista",Becca Ritchie,,,4,4.27,K.B. Ritchie,ebook,488,2014,2013,29/03/2016,29/03/2016,,,read,,,,1,,,0,,,,,
18739426,"The Bands of Mourning (Mistborn, #6)",Brandon Sanderson,"Sanderson, Brandon",,,,5,4.45,Tor,Kindle Edition,336,2016,2016,06/10/2016,06/10/2015,,,read,,,,1,,,0,,,,,
22886612,Nemesis Games (The Expanse #5),James S.A. Corey,"Corey, James S.A.",,,,4,4.37,Orbit,Kindle Edition,536,2015,2015,10/12/2014,10/12/2014,,,read,,,,1,,,0,,,,,
5073782,The Borders of Infinity,Lois McMaster Bujold,"Bujold, Lois McMaster",,,,4,4.24,,Kindle Edition,78,,1987,22/11/2014,22/11/2014,,,read,,,,1,,,0,,,,,
12351649,"Perfection (Neighbor from Hell, #2)",R.L. Mathewson,"Mathewson, R.L.",,,9780983212553,3,4.16,,ebook,247,2011,2011,16/03/2015,16/03/2015,,,read,,,,1,,,0,,,,,
14896828,"Tethered (Iron Seas, #2.5)",Meljean Brook,"Brook, Meljean",,,,4,4.2,Berkley Sensation,Mass Market Paperback,187,2013,2013,09/01/2015,09/01/2015,,,read,,,,1,,,0,,,,,
13453029,"Wool Omnibus (Silo, #1)",Hugh Howey,"Howey, Hugh",,,,4,4.24,Broad Reach Publishing,Kindle Edition,509,2012,2012,02/04/2014,02/04/2014,,,read,,,,1,,,0,,,,,
22296542,"Addicted to You (Addicted, #1)",Krista Ritchie,"Ritchie, Krista",Becca Ritchie,,,3,3.89,,ebook,324,2014,2013,25/03/2016,25/03/2016,,,read,,,,1,,,0,,,,,
22296725,"Ricochet (Addicted, #1.5)",Krista Ritchie,"Ritchie, Krista",Becca Ritchie,,,3,4.15,K.B. Ritchie,ebook,260,2014,2013,25/03/2016,25/03/2016,,,read,,,,1,,,0,,,,,
9531458,"7 Things To Do Before You Die in Talgarth (Shades of Grey, #2)",Jasper Fforde,"Fforde, Jasper",,,,0,3.9,Hodder & Stoughton,Hardcover,,2018,,,18/01/2015,to-read,to-read (#10),to-read,,,,0,,,0,,,,,
17849112,"World After (Penryn & the End of Days, #2)",Susan Ee,"Ee, Susan",,,,4,4.21,Skyscape,Kindle Edition,320,2013,2013,03/06/2015,03/06/2015,,,read,,,,1,,,0,,,,,
25446343,"Muse of Nightmares (Strange the Dreamer, #2)",Laini Taylor,"Taylor, Laini",,0316341711,9780316341714,0,3.88,"Little, Brown Books for Young Readers",Hardcover,528,2018,2018,,06/10/2015,to-read,to-read (#9),to-read,,,,0,,,0,,,,,
24948069,"First Star I See Tonight (Chicago Stars, #8)",Susan Elizabeth Phillips,"Phillips, Susan Elizabeth",,,,4,4.01,,,384,2016,2016,20/03/2015,20/03/2015,,,read,,,,1,,,0,,,,,
13624367,"Checkmate (Neighbor from Hell, #3)",R.L. Mathewson,"Mathewson, R.L.",,,,4,4.15,,ebook,350,2012,2012,20/03/2015,20/03/2015,,,read,,,,1,,,0,,,,,
17306293,"Shift (Shift, #1-3; Silo, #2)",Hugh Howey,"Howey, Hugh",,,,3,4.12,Broad Reach Publishing,Kindle Edition,520,2013,2013,05/04/2014,05/04/2014,,,read,,,,1,,,0,,,,,
15788727,"The Kraken King  (Iron Seas, #4)",Meljean Brook,"Brook, Meljean",,,9781101626658,3,4.31,Berkley,ebook,576,2014,2014,09/01/2015,09/01/2015,,,read,,,,1,,,0,,,,,
20934149,"Tangled Extra Scenes (Tangled, #1.1)",Emma Chase,"Chase, Emma",,,,3,4.3,,,37,2013,2013,11/03/2015,11/03/2015,,,read,,,,1,,,0,,,,,
17977710,"Twisted (Tangled, #2)",Emma Chase,"Chase, Emma",,,,3,4.04,Gallery Books,Kindle Edition,272,2014,2014,11/03/2015,11/03/2015,,,read,,,,1,,,0,,,,,
28698036,"Secret History (Mistborn, #3.5)",Brandon Sanderson,"Sanderson, Brandon",,,,4,4.37,"Dragonsteel Entertainment, LLC",Kindle Edition,149,2016,2016,13/07/2016,13/07/2016,,,read,,,,1,,,0,,,,,
9409469,"The Gray Wolf Throne (Seven Realms, #3)",Cinda Williams Chima,"Chima, Cinda Williams",,,,4,4.39,Hyperion Book CH,Hardcover,517,2011,2011,18/05/2015,18/05/2015,,,read,,,,1,,,0,,,,,
18282724,"Holy Frigging Matrimony: A Tangled Series Short Story (Tangled, #1.5)",Emma Chase,"Chase, Emma",,,,3,4.12,,ebook,40,2013,2013,11/03/2015,11/03/2015,,,read,,,,1,,,0,,,,,
22381326,"Half a War (Shattered Sea, #3)",Joe Abercrombie,"Abercrombie, Joe",,,,5,4.02,Harper Voyager,Kindle Edition,352,2015,2015,24/08/2015,24/08/2015,,,read,,,,1,,,0,,,,,
30809786,"A Reaper at the Gates (An Ember in the Ashes, #3)",Sabaa Tahir,"Tahir, Sabaa",,0448494507,9780448494500,0,4.25,Razorbill,Hardcover,464,2018,2018,,29/09/2016,to-read,to-read (#8),to-read,,,,0,,,0,,,,,
20876097,"Tied (Tangled, #4)",Emma Chase,"Chase, Emma",,,,3,4.25,Gallery Books ,Kindle Edition,256,2014,2014,11/03/2015,11/03/2015,,,read,,,,1,,,0,,,,,
17333180,"Magic Triumphs (Kate Daniels, #10)",Ilona Andrews,"Andrews, Ilona",,0425270718,9780425270714,0,4.54,Ace,Hardcover,352,2018,2018,,02/10/2016,to-read,to-read (#7),to-read,,,,0,,,0,,,,,
61880,"Memory (Vorkosigan Saga, #10)",Lois McMaster Bujold,"Bujold, Lois McMaster",,2290052302,9782290052303,4,4.44,J'ai lu,Mass Market Paperback,509,2005,1996,19/11/2014,19/11/2014,,,read,,,,1,,,0,,,,,
18461986,"Deep (Stage Dive, #4)",Kylie Scott,"Scott, Kylie",,,,3,4.09,St. Martin's Griffin,Kindle Edition,271,2015,2015,08/03/2015,08/03/2015,,,read,,,,1,,,0,,,,,
12119496,"Steel's Edge (The Edge, #4)",Ilona Andrews,"Andrews, Ilona",,1937007820,9781937007829,3,4.16,Penguin Berkley Ace,Paperback,388,2012,2012,03/01/2015,03/01/2015,,,read,,,,1,,,0,,,,,
13543136,"Endgame (Sirantha Jax, #6)",Ann Aguirre,"Aguirre, Ann",,193700774X,9781937007744,3,4.03,Ace,Paperback,337,2012,2012,30/11/2014,30/11/2014,,,read,,,,1,,,0,,,,,
11544421,"Magic Rises (Kate Daniels, #6)",Ilona Andrews,"Andrews, Ilona",,1937007588,9781937007584,3,4.49,Berkley Publishing Group,Mass Market Paperback,327,2013,2013,03/01/2015,03/01/2015,,,read,,,,1,,,0,,,,,
12591698,"Caliban's War (The Expanse, #2)",James S.A. Corey,"Corey, James S.A.",,1841499900,9781841499901,4,4.29,Orbit (Hachette),Paperback,595,2012,2012,09/12/2014,09/12/2014,,,read,,,,1,,,0,,,,,
21620,"Forever Free (The Forever War, #3)",Joe Haldeman,"Haldeman, Joe",,1857989317,9781857989311,3,3.39,Millennium,Paperback,277,2000,1999,22/11/2014,22/11/2014,,,read,,,,1,,,0,,,,,
8855321,"Leviathan Wakes (The Expanse, #1)",James S.A. Corey,"Corey, James S.A.",,1841499889,9781841499888,4,4.21,Orbit,Paperback,561,2011,2011,09/12/2014,09/12/2014,,,read,,,,1,,,0,,,,,
8087906,"River Marked (Mercy Thompson, #6)",Patricia Briggs,"Briggs, Patricia",,1841497975,9781841497976,3,4.27,Orbit,Paperback,326,2011,2011,03/02/2015,03/02/2015,,,read,,,,1,,,0,,,,,
3128411,"Bone Crossed (Mercy Thompson, #4)",Patricia Briggs,"Briggs, Patricia",,1841496863,9781841496863,3,4.34,Orbit,Mass Market Paperback,300,2010,2009,03/02/2015,03/02/2015,,,read,,,,1,,,0,,,,,
17983690,"Lick (Stage Dive, #1)",Kylie Scott,"Scott, Kylie",,1743342373,9781743342374,3,4.14,Momentum,ebook,286,2013,2013,04/03/2015,04/03/2015,,,read,,,,1,,,0,,,,,
8647,"Shadow of the Giant (Ender's Shadow, #4)",Orson Scott Card,"Card, Orson Scott",,1841492051,9781841492056,4,3.99,,Hardcover,388,2005,2005,19/03/2014,19/03/2014,,,read,,,,1,,,0,,,,,
19090384,"Clean Sweep (Innkeeper Chronicles, #1)",Ilona Andrews,"Andrews, Ilona",,1625173431,9781625173430,4,4.19,Ilona Andrews,ebook,235,2013,2012,23/01/2015,23/01/2015,,,read,,,,1,,,0,,,,,
13578175,The Emperor's Soul,Brandon Sanderson,"Sanderson, Brandon",,1616960922,9781616960926,5,4.34,Tachyon Publications,Paperback,175,2012,2012,08/06/2015,08/06/2015,,,read,,,,1,,,0,,,,,
6470498,The God Engines,John Scalzi,"Scalzi, John",,1596062800,9781596062801,4,3.58,Subterranean Press,Hardcover,136,2009,2009,22/04/2014,22/04/2014,,,read,,,,1,,,0,,,,,
61664,"The Sagan Diary  (Old Man's War, #2.5)",John Scalzi,"Scalzi, John",,1596061030,9781596061033,3,3.29,Subterranean Press,Hardcover,100,,2007,29/03/2014,29/03/2014,,,read,,,,1,,,0,,,,,
20560137,"An Ember in the Ashes (An Ember in the Ashes, #1)",Sabaa Tahir,"Tahir, Sabaa",,1595148035,9781595148032,4,4.32,Razorbill,Hardcover,446,2015,2015,25/01/2016,25/01/2016,,,read,,,,1,,,0,,,,,
346685,"Questions for a Soldier (Old Man's War, #1.5)",John Scalzi,"Scalzi, John",Bob Eggleton,1596060484,9781596060487,3,3.74,Subterranean Press,Paperback,30,2005,2005,29/03/2014,29/03/2014,,,read,,,,1,,,0,,,,,
17855756,"Dust (Silo, #3)",Hugh Howey,"Howey, Hugh",,1490904387,9781490904382,4,4.26,CreateSpace (Broad Reach Publishing),Paperback,458,2013,2013,05/04/2014,05/04/2014,,,read,,,,1,,,0,,,,,
16029994,"Sins & Needles (The Artists Trilogy, #1)",Karina Halle,"Halle, Karina",,1479359084,9781479359080,3,3.97,Metal Blonde Books,Paperback,438,2013,2013,15/03/2015,15/03/2015,,,read,,,,1,,,0,,,,,
23947089,"The Lost Metal (Mistborn, #7)",Brandon Sanderson,"Sanderson, Brandon",,1473215269,9781473215269,0,4.33,Gollancz,Hardcover,352,,,,06/10/2015,to-read,to-read (#6),to-read,,,,0,,,0,,,,,
21805681,Unlocked: An Oral History of Haden's Syndrome,John Scalzi,"Scalzi, John",,1466871792,9781466871793,3,3.96,Tor Books,ebook,63,2014,2014,26/03/2015,26/03/2015,,,read,,,,1,,,0,,,,,
12998057,"Captain Vorpatril's Alliance (Vorkosigan Saga, #15)",Lois McMaster Bujold,"Bujold, Lois McMaster",,1451638450,9781451638455,5,4.2,Baen,Hardcover,422,2012,2012,22/11/2014,22/11/2014,,,read,,,,1,,,0,,,,,
7841670,"CryoBurn (Vorkosigan Saga, #14)",Lois McMaster Bujold,"Bujold, Lois McMaster",,1439133948,9781439133941,4,4.05,Baen,Hardcover,345,2010,2010,22/11/2014,22/11/2014,,,read,,,,1,,,0,,,,,
8069828,"The Crimson Crown (Seven Realms, #4)",Cinda Williams Chima,"Chima, Cinda Williams",,1423144333,9781423144335,4,4.48,Hyperion Book CH,Hardcover,598,2012,2012,18/05/2015,18/05/2015,,,read,,,,1,,,0,,,,,
3746202,Winterfair Gifts,Lois McMaster Bujold,"Bujold, Lois McMaster",Люис Макмастър Бюджолд,1433250195,9781433250194,3,4.11,Blackstone Audiobooks,MP3 CD,,2008,2002,22/11/2014,22/11/2014,,,read,,,,1,,,0,,,,,
7801229,"The Exiled Queen (Seven Realms, #2)",Cinda Williams Chima,"Chima, Cinda Williams",,1423118243,9781423118244,4,4.34,Hyperion Books,Hardcover,586,2010,2010,18/05/2015,18/05/2015,,,read,,,,1,,,0,,,,,
6342491,"The Demon King (Seven Realms, #1)",Cinda Williams Chima,"Chima, Cinda Williams",,1423118235,9781423118237,4,4.2,Hyperion Books,Hardcover,506,2009,2009,18/05/2015,18/05/2015,,,read,,,,1,,,0,,,,,
10025305,"Clockwork Prince (The Infernal Devices, #2)",Cassandra Clare,"Clare, Cassandra",,1416975888,9781416975885,3,4.46,"Simon & Schuster, Margaret K. McElderry ",Hardcover,502,2011,2011,22/01/2015,22/01/2015,,,read,,,,1,,,0,,,,,
6131164,"Clockwork Princess (The Infernal Devices, #3)",Cassandra Clare,"Clare, Cassandra",,141697590X,9781416975908,3,4.59,Simon & Schuster Margaret K. McElderry,Hardcover,570,2013,2013,22/01/2015,22/01/2015,,,read,,,,1,,,0,,,,,
7171637,"Clockwork Angel (The Infernal Devices, #1)",Cassandra Clare,"Clare, Cassandra",,1416975861,9781416975861,3,4.34,"Simon & Schuster, Margaret K. McElderry ",Hardcover,481,2010,2010,22/01/2015,22/01/2015,,,read,,,,1,,,0,,,,,
18667312,"Of Silk and Steam (London Steampunk, #5)",Bec McMaster,"McMaster, Bec",,1402291949,9781402291944,4,4.12,Sourcebooks Casablanca,Mass Market Paperback,442,2015,2015,13/01/2015,13/01/2015,,,read,,,,1,,,0,,,,,
14383,No Rest for the Wicked (Immortals After Dark #3),Kresley Cole,"Cole, Kresley",,1416509887,9781416509882,3,4.3,Pocket Star,Mass Market Paperback,356,2006,2006,25/01/2015,25/01/2015,,,read,,,,1,,,0,,,,,
17901769,"Forged by Desire (London Steampunk, #4)",Bec McMaster,"McMaster, Bec",,1402291914,9781402291913,3,4.07,Sourcebooks Casablanca,Mass Market Paperback,436,2014,2014,13/01/2015,13/01/2015,,,read,,,,1,,,0,,,,,
17310126,"My Lady Quicksilver (London Steampunk, #3)",Bec McMaster,"McMaster, Bec",,140227033X,9781402270338,4,4.11,Sourcebooks Casablanca,Mass Market Paperback,425,2013,2013,13/01/2015,13/01/2015,,,read,,,,1,,,0,,,,,
15927484,"Heart of Iron (London Steampunk, #2)",Bec McMaster,"McMaster, Bec",,1402270305,9781402270307,3,3.98,Sourcebooks Casablanca,Mass Market Paperback,437,2013,2013,11/01/2015,11/01/2015,,,read,,,,1,,,0,,,,,
19286623,"Lead (Stage Dive, #3)",Kylie Scott,"Scott, Kylie",,1250052386,9781250052384,3,4.32,St. Martin's Griffin,Paperback,305,2014,2014,08/03/2015,08/03/2015,,,read,,,,1,,,0,,,,,
13507512,"Kiss of Steel (London Steampunk, #1)",Bec McMaster,"McMaster, Bec",,1402270275,9781402270277,3,3.87,Sourcebooks Casablanca,Mass Market Paperback,423,2012,2012,11/01/2015,11/01/2015,,,read,,,,1,,,0,,,,,
25558608,"A Torch Against the Night (An Ember in the Ashes, #2)",Sabaa Tahir,"Tahir, Sabaa",,,9780008250447,4,4.34,Razorbill,Hardcover,452,2016,2016,25/01/2016,25/01/2016,,,read,,,,1,,,0,,,,,
18479451,"Thrive (Addicted, #2.5)",Krista Ritchie,"Ritchie, Krista",Becca Ritchie,0990622509,9780990622505,3,4.29,K.B. Ritchie,ebook,425,2014,2014,20/04/2016,20/04/2016,,,read,,,,1,,,0,,,,,
13409407,"Mina Wentworth and the Invisible City (Iron Seas, #1.5)",Meljean Brook,"Brook, Meljean",,1101564636,9781101564639,3,3.98,Berkley,ebook,104,2012,2012,09/01/2015,09/01/2015,,,read,,,,1,,,0,,,,,
20658510,"Kiss the Sky (Calloway Sisters, #1; Addicted, #2.1)",Krista Ritchie,"Ritchie, Krista",Becca Ritchie,0989339289,9780989339285,4,4.21,K.B. Ritchie,Paperback,442,2014,2014,02/04/2016,02/04/2016,,,read,,,,1,,,0,,,,,
18308266,"Hothouse Flower (Calloway Sisters, #2; Addicted, #2.2)",Krista Ritchie,"Ritchie, Krista",Becca Ritchie,0989339262,9780989339261,3,4.34,,ebook,479,2014,2014,20/04/2016,20/04/2016,,,read,,,,1,,,0,,,,,
12857,The Gambler,Fyodor Dostoyevsky,"Dostoyevsky, Fyodor","Constance Garnett, Gary Saul Morson",0812966937,9780812966930,4,3.88,Modern Library,Paperback,188,2003,1866,,19/03/2014,,,read,,,,1,,,0,,,,,
11381643,"Playing for Keeps (Neighbor from Hell, #1)",R.L. Mathewson,"Mathewson, R.L.",,0983212546,9780983212546,4,4.07,Rerum Publishing House,Paperback,220,2011,2011,09/03/2015,09/03/2015,,,read,,,,1,,,0,,,,,
9534,"Shadow of the Hegemon (The Shadow Series, #2)",Orson Scott Card,"Card, Orson Scott",,0812565959,9780812565959,3,3.93,Tor Books,Mass Market Paperback,451,2001,2000,19/03/2014,19/03/2014,,,read,,,,1,,,0,,,,,
7967,"Speaker for the Dead (Ender's Saga, #2)",Orson Scott Card,"Card, Orson Scott",,0812550757,9780812550757,5,4.05,Tor Books,Mass Market Paperback,382,1994,1986,19/03/2014,19/03/2014,,,read,,,,1,,,0,,,,,
77711,"A Fire Upon the Deep (Zones of Thought, #1)",Vernor Vinge,"Vinge, Vernor",,0812515285,9780812515282,5,4.13,Tor Science Fiction,Mass Market Paperback,613,1993,1992,29/08/2015,29/08/2015,,,read,,,,1,,,0,,,,,
375802,"Ender's Game (Ender's Saga, #1)",Orson Scott Card,"Card, Orson Scott",,0812550706,9780812550702,5,4.3,Tor,Mass Market Paperback,324,1994,1985,19/03/2014,19/03/2014,,,read,,,,1,,,0,,,,,
22544764,Uprooted,Naomi Novik,"Novik, Naomi",,0804179034,9780804179034,5,4.11,Del Rey,Hardcover,435,2015,2015,21/11/2015,21/11/2015,,,read,,,,1,,,0,,,,,
18666047,"Half a King (Shattered Sea, #1)",Joe Abercrombie,"Abercrombie, Joe",,0804178321,9780804178327,4,3.98,Del Rey,Hardcover,336,2014,2014,24/08/2015,24/08/2015,,,read,,,,1,,,0,,,,,
22055283,"Half the World (Shattered Sea, #2)",Joe Abercrombie,"Abercrombie, Joe",,0804178429,9780804178426,5,4.2,Del Rey,Hardcover,366,2015,2015,24/08/2015,24/08/2015,,,read,,,,1,,,0,,,,,
60510,"Poison Study (Study, #1)",Maria V. Snyder,"Snyder, Maria V.",,0778324338,9780778324331,4,4.15,Mira,Paperback,409,2007,2005,31/08/2015,31/08/2015,,,read,,,,1,,,0,,,,,
20764879,"A Gathering of Shadows (Shades of Magic, #2)",V.E. Schwab,"Schwab, V.E.",Victoria Schwab,0765376474,9780765376473,4,4.32,Tor Books,Hardcover,512,2016,2016,20/10/2016,20/12/2015,,,read,,,,1,,,0,,,,,
16065004,"Shadows of Self (Mistborn, #5)",Brandon Sanderson,"Sanderson, Brandon",,0765378558,9780765378552,4,4.3,Tor Books,Hardcover,383,2015,2015,04/08/2015,04/08/2015,,,read,,,,1,,,0,,,,,
22055262,"A Darker Shade of Magic (Shades of Magic, #1)",V.E. Schwab,"Schwab, V.E.",Victoria Schwab,0765376458,9780765376459,4,4.08,Tor Books,Hardcover,400,2015,2015,20/12/2015,20/12/2015,,,read,,,,1,,,0,,,,,
21418013,"Lock In (Lock In, #1)",John Scalzi,"Scalzi, John",,0765375869,9780765375865,4,3.86,Tor Books,Hardcover,336,2014,2014,26/03/2015,26/03/2015,,,read,,,,1,,,0,,,,,
23168809,"The End of All Things (Old Man's War, #6)",John Scalzi,"Scalzi, John",,0765376075,9780765376077,4,3.95,Tor Books,Hardcover,380,2015,2015,26/03/2015,26/03/2015,,,read,,,,1,,,0,,,,,
239399,"The Ghost Brigades (Old Man's War, #2)",John Scalzi,"Scalzi, John",,0765354063,9780765354068,4,4.09,Tor Books,Paperback,347,2007,2006,25/03/2014,25/03/2014,,,read,,,,1,,,0,,,,,
55398,"House of Chains (The Malazan Book of the Fallen, #4)",Steven Erikson,"Erikson, Steven",,0765348810,9780765348814,5,4.32,Tor Fantasy,Mass Market Paperback,1021,2007,2004,05/03/2016,05/03/2016,,,read,,,,1,,,0,,,,,
68427,"Elantris (Elantris, #1)",Brandon Sanderson,"Sanderson, Brandon",,0765350378,9780765350374,4,4.17,Tor Fantasy,Mass Market Paperback,622,2006,2005,18/05/2015,18/05/2015,,,read,,,,1,,,0,,,,,
175983,"Memories of Ice (The Malazan Book of the Fallen, #3)",Steven Erikson,"Erikson, Steven",,0765348802,9780765348807,5,4.39,Tor Fantasy,Mass Market Paperback,920,2006,2001,15/02/2016,15/02/2016,,,read,,,,1,,,0,,,,,
55399,"Gardens of the Moon (The Malazan Book of the Fallen, #1)",Steven Erikson,"Erikson, Steven",,0765348780,9780765348784,4,3.86,Tor Books,Mass Market Paperback,666,2005,1999,27/12/2015,27/12/2015,,,read,,,,1,,,0,,,,,
51964,"Old Man's War (Old Man's War, #1)",John Scalzi,"Scalzi, John",,0765348276,9780765348272,5,4.23,Tor Books,Mass Market Paperback,351,2007,2005,25/03/2014,25/03/2014,,,read,,,,1,,,0,,,,,
234724,"Shadow Puppets (The Shadow Series, #3)",Orson Scott Card,"Card, Orson Scott",,0765340054,9780765340054,3,3.88,Tor Books,Paperback,375,2003,2002,19/03/2014,19/03/2014,,,read,,,,1,,,0,,,,,
9532,"Ender's Shadow (The Shadow Series, #1)",Orson Scott Card,"Card, Orson Scott",,0765342405,9780765342409,4,4.3,Starscape,Paperback,469,2002,1998,19/03/2014,19/03/2014,,,read,,,,1,,,0,,,,,
15698479,"The Human Division (Old Man's War, #5)",John Scalzi,"Scalzi, John",,0765333511,9780765333513,4,4.07,Tor Books,Hardcover,431,2013,2013,29/03/2014,29/03/2014,,,read,,,,1,,,0,,,,,
10803121,"The Alloy of Law (Mistborn, #4)",Brandon Sanderson,"Sanderson, Brandon",,0765330423,9780765330420,3,4.21,Tor Books,Hardcover,332,2011,2011,12/04/2015,12/04/2015,,,read,,,,1,,,0,,,,,
12040447,"Shadows in Flight (Ender's Shadow, #5)",Orson Scott Card,"Card, Orson Scott",,0765332000,9780765332004,3,3.77,Tor Books,Hardcover,237,2012,2011,29/03/2014,29/03/2014,,,read,,,,1,,,0,,,,,
17332218,"Words of Radiance (The Stormlight Archive, #2)",Brandon Sanderson,"Sanderson, Brandon",,0765326361,9780765326362,5,4.77,Tor Books,Hardcover,1087,2014,2014,24/04/2015,24/04/2015,,,read,,,,1,,,0,,,,,
7235533,"The Way of Kings (The Stormlight Archive, #1)",Brandon Sanderson,"Sanderson, Brandon",,0765326353,9780765326355,5,4.64,Tor Books,Hardcover,1007,2010,2010,24/04/2015,24/04/2015,,,read,,,,1,,,0,,,,,
2102600,"Zoe's Tale (Old Man's War, #4)",John Scalzi,"Scalzi, John",,0765316986,9780765316981,4,3.73,Tor Books,Hardcover,335,2008,2008,29/03/2014,29/03/2014,,,read,,,,1,,,0,,,,,
13055592,Redshirts,John Scalzi,"Scalzi, John",,0765316994,9780765316998,4,3.84,Tor Books,Hardcover,320,2012,2012,29/03/2014,29/03/2014,,,read,,,,1,,,0,,,,,
88071,The Last Colony (Old Man's War #3),John Scalzi,"Scalzi, John",,0765316978,9780765316974,5,4.04,Tor Books,Hardcover,320,2007,2007,25/03/2014,25/03/2014,,,read,,,,1,,,0,,,,,
2767793,"The Hero of Ages (Mistborn, #3)",Brandon Sanderson,"Sanderson, Brandon",,0765316897,9780765316899,5,4.46,Tor Books,Hardcover,572,2008,2008,09/04/2015,09/04/2015,,,read,,,,1,,,0,,,,,
68428,"The Final Empire (Mistborn, #1)",Brandon Sanderson,"Sanderson, Brandon",,076531178X,9780765311788,5,4.43,Tor Books,Hardcover,541,2006,2006,07/04/2015,07/04/2015,,,read,,,,1,,,0,,,,,
68429,"The Well of Ascension (Mistborn, #2)",Brandon Sanderson,"Sanderson, Brandon",,0765316889,9780765316882,4,4.35,Tor Books,Hardcover,590,2007,2007,09/04/2015,09/04/2015,,,read,,,,1,,,0,,,,,
938544,"Toll the Hounds (The Malazan Book of the Fallen, #8)",Steven Erikson,"Erikson, Steven",,0765310082,9780765310088,4,4.33,Tor Books,Hardcover,832,2008,2008,26/09/2016,26/09/2016,,,read,,,,1,,,0,,,,,
31360,"Children of the Mind (Ender's Saga, #4)",Orson Scott Card,"Card, Orson Scott",,0765304740,9780765304742,4,3.74,Tor Books,Paperback,370,2002,1996,19/03/2014,19/03/2014,,,read,,,,1,,,0,,,,,
55401,"Deadhouse Gates (The Malazan Book of the Fallen, #2)",Steven Erikson,"Erikson, Steven",,0765310023,9780765310026,5,4.25,Tor Books,Hardcover,604,2005,2000,25/01/2016,25/01/2016,,,read,,,,1,,,0,,,,,
18210706,"Broken Homes (Peter Grant, #4)",Ben Aaronovitch,"Aaronovitch, Ben",,0756409608,9780756409609,4,4.17,DAW,Mass Market Paperback,324,2014,2013,04/03/2015,04/03/2015,,,read,,,,1,,,0,,,,,
8852,Macbeth,William Shakespeare,"Shakespeare, William",,0743477103,9780743477109,4,3.88,Simon & Schuster,Mass Market Paperback,249,2003,1623,13/04/2015,13/04/2015,,,read,,,,1,,,0,,,,,
373606,Ain't She Sweet,Susan Elizabeth Phillips,"Phillips, Susan Elizabeth",,0749935081,9780749935085,4,4.06,Piatkus,Paperback,464,2006,2004,31/03/2015,31/03/2015,,,read,,,,1,,,0,,,,,
61903,"Shards of Honour  (Vorkosigan Saga, #1)",Lois McMaster Bujold,"Bujold, Lois McMaster",,0743468422,9780743468428,4,4.12,Earthlight,Paperback,253,2003,1986,19/11/2014,19/11/2014,,,read,,,,1,,,0,,,,,
61905,"Barrayar (Vorkosigan Saga, #7)",Lois McMaster Bujold,"Bujold, Lois McMaster",,0743468414,9780743468411,5,4.31,Gardners Books,Paperback,336,2003,1991,19/11/2014,19/11/2014,,,read,,,,1,,,0,,,,,
61901,"Diplomatic Immunity (Vorkosigan Saga, #13)",Lois McMaster Bujold,"Bujold, Lois McMaster",,0743468023,9780743468022,5,4.17,Earthlight,Paperback,367,2003,1999,19/11/2014,19/11/2014,,,read,,,,1,,,0,,,,,
61906,"The Warrior's Apprentice (Vorkosigan Saga, #2)",Lois McMaster Bujold,"Bujold, Lois McMaster",,0743468406,9780743468404,5,4.29,Earthlight ,Mass Market Paperback,372,2003,1986,19/11/2014,19/11/2014,,,read,,,,1,,,0,,,,,
76812,"Cetaganda (Vorkosigan Saga, #9)",Lois McMaster Bujold,"Bujold, Lois McMaster",,0671877445,9780671877446,4,4.17,Baen,Paperback,302,1996,1995,19/11/2014,19/11/2014,,,read,,,,1,,,0,,,,,
61909,"Mirror Dance (Vorkosigan Saga, #8)",Lois McMaster Bujold,"Bujold, Lois McMaster",,0671876465,9780671876463,5,4.32,Baen Books,Paperback,560,1995,1994,19/11/2014,19/11/2014,,,read,,,,1,,,0,,,,,
68483,"The Vor Game (Vorkosigan Saga, #6)",Lois McMaster Bujold,"Bujold, Lois McMaster",,0671720147,9780671720148,4,4.28,Baen Books,Paperback,346,2002,1990,19/11/2014,19/11/2014,,,read,,,,1,,,0,,,,,
296182,"Brothers in Arms (Vorkosigan Saga, #5)",Lois McMaster Bujold,"Bujold, Lois McMaster",,0671697994,9780671697990,4,4.2,Baen Books,Paperback,338,2001,1989,19/11/2014,19/11/2014,,,read,,,,1,,,0,,,,,
61899,"A Civil Campaign (Vorkosigan Saga, #12)",Lois McMaster Bujold,"Bujold, Lois McMaster",,0671578855,9780671578855,5,4.43,Baen,Paperback,544,2000,1999,19/11/2014,19/11/2014,,,read,,,,1,,,0,,,,,
61884,"Komarr (Vorkosigan Saga, #11)",Lois McMaster Bujold,"Bujold, Lois McMaster",,0671578081,9780671578084,4,4.29,Baen,Paperback,384,1999,1998,19/11/2014,19/11/2014,,,read,,,,1,,,0,,,,,
10165727,"Froi of the Exiles (Lumatere Chronicles, #2)",Melina Marchetta,"Marchetta, Melina",,0670076082,9780670076086,4,4.29,Viking Australia,Paperback,593,2011,2011,04/04/2015,04/04/2015,,,read,,,,1,,,0,,,,,
10165761,"Quintana of Charyn (Lumatere Chronicles, #3)",Melina Marchetta,"Marchetta, Melina",,0670076244,9780670076246,4,4.33,Viking Australia,Paperback,516,2012,2012,04/04/2015,04/04/2015,,,read,,,,1,,,0,,,,,
7992995,"Eona: The Last Dragoneye (Eon, #2)",Alison Goodman,"Goodman, Alison",,0670063118,9780670063116,3,4.12,VIKING by Penguin Group,Hardcover,637,2011,2011,15/04/2015,15/04/2015,,,read,,,,1,,,0,,,,,
4932435,"Finnikin of the Rock (Lumatere Chronicles, #1)",Melina Marchetta,"Marchetta, Melina",,0670072818,9780670072811,4,3.93,Viking Australia,Paperback,416,2008,2008,04/04/2015,04/04/2015,,,read,,,,1,,,0,,,,,
2986865,"Eon: Dragoneye Reborn (Eon, #1)",Alison Goodman,"Goodman, Alison",,0670062278,9780670062270,3,3.98,Viking Books for Young Readers,Hardcover,531,2008,2008,15/04/2015,15/04/2015,,,read,,,,1,,,0,,,,,
2113260,Shades of Grey,Jasper Fforde,"Fforde, Jasper",,0670019631,9780670019632,5,4.14,Penguin Group Viking Adult,Hardcover,400,2009,2009,18/01/2015,18/01/2015,,,read,,,,1,,,0,,,,,
6318426,"Front and Center (Dairy Queen, #3)",Catherine Gilbert Murdock,"Murdock, Catherine Gilbert",,0618959823,9780618959822,4,3.96,HMH Books for Young Readers,Hardcover,254,2009,2009,08/11/2015,08/11/2015,,,read,,,,1,,,0,,,,,
16178,"Dairy Queen (Dairy Queen, #1)",Catherine Gilbert Murdock,"Murdock, Catherine Gilbert",,0618683070,9780618683079,4,3.73,HMH Books for Young Readers,Hardcover,275,2006,2006,07/11/2015,07/11/2015,,,read,,,,1,,,0,,,,,
649514,"The Off Season (Dairy Queen, #2)",Catherine Gilbert Murdock,"Murdock, Catherine Gilbert",,0618686959,9780618686957,4,3.94,HMH Books for Young Readers,Hardcover,277,2007,2007,08/11/2015,08/11/2015,,,read,,,,1,,,0,,,,,
459064,"Reaper's Gale (The Malazan Book of the Fallen, #7)",Steven Erikson,"Erikson, Steven",,0593046315,9780593046319,5,4.35,Bantam Press,Hardcover,928,2007,2007,08/08/2016,08/08/2016,,,read,,,,1,,,0,,,,,
1126719,House of Suns,Alastair Reynolds,"Reynolds, Alastair",,0575099127,9780575099128,5,4.2,Gollancz,Paperback,512,2010,2008,26/09/2015,26/09/2015,,,read,,,,1,,,0,,,,,
20499240,"Foxglove Summer (Peter Grant, #5)",Ben Aaronovitch,"Aaronovitch, Ben",,0575132507,9780575132504,4,4.19,Gollancz,Hardcover,377,2014,2014,04/03/2015,04/03/2015,,,read,,,,1,,,0,,,,,
17250961,"Oathbringer (The Stormlight Archive, #3)",Brandon Sanderson,"Sanderson, Brandon",,057509334X,9780575093348,0,4.68,Gollancz ,Paperback,1243,2017,2017,,30/06/2016,to-read,to-read (#5),to-read,,,,0,,,0,,,,,
944073,"The Blade Itself (The First Law, #1)",Joe Abercrombie,"Abercrombie, Joe",,0575079797,9780575079793,4,4.14,Gollancz,Paperback,517,2007,2006,26/04/2015,26/04/2015,,,read,,,,1,,,0,,,,,
902715,"Before They Are Hanged (The First Law, #2)",Joe Abercrombie,"Abercrombie, Joe",,0575077883,9780575077881,4,4.27,Gollancz,Trade Paperback,441,2007,2007,26/04/2015,26/04/2015,,,read,,,,1,,,0,,,,,
944076,"Last Argument of Kings (The First Law, #3)",Joe Abercrombie,"Abercrombie, Joe",,0575077905,9780575077904,5,4.27,Gollancz,Trade Paperback,536,2008,2008,28/04/2015,28/04/2015,,,read,,,,1,,,0,,,,,
478951,"The Bonehunters (Malazan Book of the Fallen, #6)",Steven Erikson,"Erikson, Steven",,0553813153,9780553813159,5,4.42,Bantam,Mass Market Paperback,1231,2007,2006,08/08/2016,08/08/2016,,,read,,,,1,,,0,,,,,
345299,"Midnight Tides (The Malazan Book of the Fallen, #5)",Steven Erikson,"Erikson, Steven",,0553813145,9780553813142,5,4.34,Bantam,Paperback,940,2005,2004,19/07/2016,19/07/2016,,,read,,,,1,,,0,,,,,
25324111,"And I Darken (The Conqueror's Saga, #1)",Kiersten White,"White, Kiersten",,0552573744,9780552573740,5,3.91,Corgi Childrens,Paperback,484,2016,2016,06/07/2016,06/07/2016,,,read,,,,1,,,0,,,,,
17876,"Notes from Underground, White Nights, The Dream of a Ridiculous Man, and Selections from The House of the Dead",Fyodor Dostoyevsky,"Dostoyevsky, Fyodor","Andrew R. MacAndrew, Ben Marcus",0451529553,9780451529558,4,4.17,Signet,Paperback,233,2004,1864,,19/03/2014,,,read,,,,1,,,0,,,,,
17184,The Invisible Man,H.G. Wells,"Wells, H.G.",,0451528522,9780451528520,0,3.62,Signet Classics,Paperback,192,2002,1897,29/07/2014,29/07/2014,,,read,,,,1,,,0,,,,,
2493,The Time Machine,H.G. Wells,"Wells, H.G.","Greg Bear, Carlo Pagetti",0451528557,9780451528551,4,3.87,Signet Classics,Paperback,118,2002,1895,,25/03/2014,,,read,,,,1,,,0,,,,,
22062213,"Etched in Bone (The Others, #5)",Anne Bishop,"Bishop, Anne",,045147449X,9780451474490,0,4.3,Roc,Hardcover,397,2017,2017,,19/03/2016,to-read,to-read (#4),to-read,,,,0,,,0,,,,,
21457243,"Vision in Silver (The Others, #3)",Anne Bishop,"Bishop, Anne",,045146527X,9780451465276,4,4.27,Roc,Hardcover,400,2015,2015,16/01/2015,16/01/2015,,,read,,,,1,,,0,,,,,
22062202,"Marked in Flesh (The Others, #4)",Anne Bishop,"Bishop, Anne",,0451474473,9780451474476,5,4.3,Roc,Hardcover,399,2016,2016,04/03/2015,04/03/2015,,,read,,,,1,,,0,,,,,
15711341,"Written in Red (The Others, #1)",Anne Bishop,"Bishop, Anne",,0451464966,9780451464965,5,4.29,Roc,Hardcover,433,2013,2013,15/01/2015,15/01/2015,,,read,,,,1,,,0,,,,,
8315340,"Twilight's Dawn (The Black Jewels, #9)",Anne Bishop,"Bishop, Anne",,0451463781,9780451463784,3,4.26,Roc,Hardcover,435,2011,2011,31/03/2015,31/03/2015,,,read,,,,1,,,0,,,,,
3598830,"The Shadow Queen (The Black Jewels, #7)",Anne Bishop,"Bishop, Anne",,0451462548,9780451462541,3,4.3,Roc,Hardcover,429,2009,2009,31/03/2015,31/03/2015,,,read,,,,1,,,0,,,,,
6625002,"Shalador's Lady (The Black Jewels, #8)",Anne Bishop,"Bishop, Anne",,0451463153,9780451463159,3,4.33,Roc,Hardcover,476,2010,2010,31/03/2015,31/03/2015,,,read,,,,1,,,0,,,,,
213105,"Dreams Made Flesh (The Black Jewels, #5)",Anne Bishop,"Bishop, Anne",,0451460707,9780451460707,4,4.31,Roc,Paperback,439,2006,2005,29/03/2015,29/03/2015,,,read,,,,1,,,0,,,,,
997846,"Tangled Webs (The Black Jewels, #6)",Anne Bishop,"Bishop, Anne",,0451461606,9780451461605,3,4.03,Roc,Hardcover,368,2008,2008,29/03/2015,29/03/2015,,,read,,,,1,,,0,,,,,
47959,"Queen of the Darkness (The Black Jewels, #3)",Anne Bishop,"Bishop, Anne",,0451456734,9780451456731,4,4.37,Roc,Mass Market Paperback,430,2000,2000,28/03/2015,28/03/2015,,,read,,,,1,,,0,,,,,
47956,Daughter of the Blood (The Black Jewels #1),Anne Bishop,"Bishop, Anne",,0451456718,9780451456717,3,4.12,Roc NAL (New American Library) Penguin,Mass Market Paperback,412,1998,1998,26/03/2015,26/03/2015,,,read,,,,1,,,0,,,,,
47957,"Heir to the Shadows (The Black Jewels, #2)",Anne Bishop,"Bishop, Anne",,0451456726,9780451456724,4,4.33,Roc,Mass Market Paperback,482,1999,1999,28/03/2015,28/03/2015,,,read,,,,1,,,0,,,,,
17214,Starship Troopers,Robert A. Heinlein,"Heinlein, Robert A.",,0441783589,9780441783588,2,4,Ace Book,Mass Market Paperback,335,1987,1959,30/03/2014,30/03/2014,,,read,,,,1,,,0,,,,,
112,Children of Dune (Dune Chronicles #3),Frank Herbert,"Herbert, Frank",,0441104029,9780441104024,3,3.9,Ace Books,Mass Market Paperback,408,1987,1976,29/11/2014,29/11/2014,,,read,,,,1,,,0,,,,,
106,Dune Messiah (Dune Chronicles #2),Frank Herbert,"Herbert, Frank",,0441172695,9780441172696,3,3.86,Ace Books,Mass Market Paperback,331,1987,1969,29/11/2014,29/11/2014,,,read,,,,1,,,0,,,,,
10561549,"Fate's Edge (The Edge, #3)",Ilona Andrews,"Andrews, Ilona",,0441020860,9780441020867,3,4.08,Penguin,Mass Market Paperback,372,2011,2011,03/01/2015,03/01/2015,,,read,,,,1,,,0,,,,,
10648186,"Aftermath (Sirantha Jax, #5)",Ann Aguirre,"Aguirre, Ann",,044102078X,9780441020782,3,4.04,Ace,Mass Market Paperback,307,2011,2011,30/11/2014,30/11/2014,,,read,,,,1,,,0,,,,,
8559047,"Magic Slays (Kate Daniels, #5)",Ilona Andrews,"Andrews, Ilona",,0441020429,9780441020423,3,4.43,Berkley Publishing Group,Mass Market Paperback,308,2011,2011,03/01/2015,03/01/2015,,,read,,,,1,,,0,,,,,
13413589,"Frost Burned (Mercy Thompson, #7)",Patricia Briggs,"Briggs, Patricia",,0441020011,9780441020010,3,4.35,Ace Books,Hardcover,342,2013,2013,03/02/2015,03/02/2015,,,read,,,,1,,,0,,,,,
7843135,"Killbox (Sirantha Jax, #4)",Ann Aguirre,"Aguirre, Ann",,0441019412,9780441019410,3,4.08,Ace Science Fiction,Mass Market Paperback,353,2010,2010,30/11/2014,30/11/2014,,,read,,,,1,,,0,,,,,
7130616,"Bayou Moon (The Edge, #2)",Ilona Andrews,"Andrews, Ilona",,0441019455,9780441019458,3,4.09,Penguin Berkley Ace,Mass Market Paperback,447,2010,2010,03/01/2015,03/01/2015,,,read,,,,1,,,0,,,,,
6479550,"Magic Bleeds (Kate Daniels, #4)",Ilona Andrews,"Andrews, Ilona",,0441018521,9780441018529,3,4.46,Berkley Publishing Group,Mass Market Paperback,349,2010,2010,03/01/2015,03/01/2015,,,read,,,,1,,,0,,,,,
6587387,"Silver Borne (Mercy Thompson, #5)",Patricia Briggs,"Briggs, Patricia",,044101819X,9780441018192,3,4.38,Ace Books,Hardcover,342,2010,2010,03/02/2015,03/02/2015,,,read,,,,1,,,0,,,,,
6329547,"On the Edge (The Edge, #1)",Ilona Andrews,"Andrews, Ilona",,0441017800,9780441017805,3,4.03,Ace,Mass Market Paperback,309,2009,2009,03/01/2015,03/01/2015,,,read,,,,1,,,0,,,,,
6453280,"Doubleblind (Sirantha Jax, #3)",Ann Aguirre,"Aguirre, Ann",,0441017819,9780441017812,3,4,Ace,Paperback,302,2009,2009,30/11/2014,30/11/2014,,,read,,,,1,,,0,,,,,
4345498,"Magic Strikes (Kate Daniels, #3)",Ilona Andrews,"Andrews, Ilona",,0441017029,9780441017027,3,4.44,Berkley Publishing Group,Mass Market Paperback,310,2009,2009,03/01/2015,03/01/2015,,,read,,,,1,,,0,,,,,
1828067,"Grimspace (Sirantha Jax, #1)",Ann Aguirre,"Aguirre, Ann",,0441015999,9780441015993,3,3.74,Ace Berkley Penguin,Mass Market Paperback,312,2008,2008,30/11/2014,30/11/2014,,,read,,,,1,,,0,,,,,
3182799,"Wanderlust (Sirantha Jax, #2)",Ann Aguirre,"Aguirre, Ann",,0441016278,9780441016273,3,3.88,Ace Berkley Penguin,Mass Market Paperback,312,2008,2008,30/11/2014,30/11/2014,,,read,,,,1,,,0,,,,,
1412138,"Iron Kissed (Mercy Thompson, #3)",Patricia Briggs,"Briggs, Patricia",,0441015662,9780441015665,3,4.36,Ace Books,Mass Market Paperback,287,2008,2008,03/02/2015,03/02/2015,,,read,,,,1,,,0,,,,,
1811543,"Magic Burns (Kate Daniels, #2)",Ilona Andrews,"Andrews, Ilona",,0441015832,9780441015832,3,4.33,Berkley Publishing Group,Mass Market Paperback,260,2008,2008,03/01/2015,03/01/2015,,,read,,,,1,,,0,,,,,
38619,"Magic Bites (Kate Daniels, #1)",Ilona Andrews,"Andrews, Ilona",,0441014895,9780441014897,3,4.07,Berkley Publishing Group,Mass Market Paperback,260,2007,2007,03/01/2015,03/01/2015,,,read,,,,1,,,0,,,,,
71811,"Moon Called (Mercy Thompson, #1)",Patricia Briggs,"Briggs, Patricia",,0441013813,9780441013814,3,4.18,Ace,Mass Market Paperback,288,2006,2006,03/02/2015,03/02/2015,,,read,,,,1,,,0,,,,,
285205,"Blood Bound (Mercy Thompson, #2)",Patricia Briggs,"Briggs, Patricia",,0441014739,9780441014736,3,4.31,Ace,Mass Market Paperback,292,2007,2007,03/02/2015,03/02/2015,,,read,,,,1,,,0,,,,,
21618,"Forever Peace (The Forever War, #2)",Joe Haldeman,"Haldeman, Joe",,0441005667,9780441005666,3,3.73,Ace Books,Mass Market Paperback,351,1998,1997,22/11/2014,22/11/2014,,,read,,,,1,,,0,,,,,
10964,"Outlander (Outlander, #1)",Diana Gabaldon,"Gabaldon, Diana",,0440242940,9780440242949,3,4.21,Dell Publishing Company,Mass Market Paperback,850,2005,1991,15/02/2015,15/02/2015,,,read,,,,1,,,0,,,,,
3523638,First Comes Marriage (Huxtable Quintet #1),Mary Balogh,"Balogh, Mary",,0440244226,9780440244226,3,3.79,Dell,Paperback,416,2009,2009,10/03/2015,10/03/2015,,,read,,,,1,,,0,,,,,
3007704,The Gone-Away World ,Nick Harkaway,"Harkaway, Nick",,0434018422,9780434018420,5,4.13,William Heinemann,Hardcover,531,2008,2008,25/02/2015,25/02/2015,,,read,,,,1,,,0,,,,,
17333171,"Magic Shifts (Kate Daniels, #8)",Ilona Andrews,"Andrews, Ilona",,042527067X,9780425270677,3,4.47,Ace,Hardcover,342,2015,2015,29/12/2014,29/12/2014,,,read,,,,1,,,0,,,,,
17333174,"Magic Binds (Kate Daniels, #9)",Ilona Andrews,"Andrews, Ilona",,0425270696,9780425270691,4,4.57,Ace,Hardcover,328,2016,2016,30/06/2016,30/06/2016,,,read,,,,1,,,0,,,,,
25776210,"Fire Touched (Mercy Thompson, #9)",Patricia Briggs,"Briggs, Patricia",,0425256766,9780425256763,0,4.36,Ace,Hardcover,342,2016,2016,,31/10/2015,to-read,to-read (#3),to-read,,,,0,,,0,,,,,
12119529,"Magic Breaks (Kate Daniels, #7)",Ilona Andrews,"Andrews, Ilona",,0425256227,9780425256220,3,4.52,Ace Hardcover,Hardcover,381,2014,2014,03/01/2015,03/01/2015,,,read,,,,1,,,0,,,,,
17562900,"Night Broken (Mercy Thompson, #8)",Patricia Briggs,"Briggs, Patricia",,042525674X,9780425256749,3,4.42,Ace Hardcover,Hardcover,341,2014,2014,03/02/2015,03/02/2015,,,read,,,,1,,,0,,,,,
13409405,"Riveted (Iron Seas, #3)",Meljean Brook,"Brook, Meljean",,0425256049,9780425256046,3,3.98,Berkley Trade,Paperback,413,2012,2012,09/01/2015,09/01/2015,,,read,,,,1,,,0,,,,,
10558533,"Heart of Steel (Iron Seas, #2)",Meljean Brook,"Brook, Meljean",,0425243303,9780425243305,4,3.96,Penguin,Paperback,311,2011,2011,06/01/2015,06/01/2015,,,read,,,,1,,,0,,,,,
14290364,"Champion (Legend, #3)",Marie Lu,"Lu, Marie",,0399256776,9780399256776,3,4.37,Putnam Juvenile,Hardcover,369,2013,2013,01/12/2014,01/12/2014,,,read,,,,1,,,0,,,,,
7864587,"The Iron Duke (Iron Seas, #1)",Meljean Brook,"Brook, Meljean",,0425236676,9780425236673,3,3.87,Berkley,Paperback,384,2010,2010,05/01/2015,05/01/2015,,,read,,,,1,,,0,,,,,
9275658,"Legend (Legend, #1)",Marie Lu,"Lu, Marie",,039925675X,9780399256752,3,4.19,Putnam Juvenile,Hardcover,305,2011,2011,01/12/2014,01/12/2014,,,read,,,,1,,,0,,,,,
13414446,"Prodigy (Legend, #2)",Marie Lu,"Lu, Marie",,0399256768,9780399256769,3,4.28,Putnam Juvenile,Hardcover,371,2013,2013,01/12/2014,01/12/2014,,,read,,,,1,,,0,,,,,
23846013,"The Rose Society (The Young Elites, #2)",Marie Lu,"Lu, Marie",,0399167846,9780399167843,3,4.1,G.P. Putnam's Sons Books for Young Readers,Hardcover,398,2015,2015,13/12/2015,13/12/2015,,,read,,,,1,,,0,,,,,
20821111,"The Young Elites (The Young Elites, #1)",Marie Lu,"Lu, Marie",,0399167838,9780399167836,3,3.93,G.P. Putnam’s Sons Books for Young Readers,Hardcover,355,2014,2014,04/12/2014,04/12/2014,,,read,,,,1,,,0,,,,,
227463,A Clockwork Orange,Anthony Burgess,"Burgess, Anthony",,0393312836,9780393312836,3,3.98,W. W. Norton  Company,Paperback,212,1995,1962,,25/03/2014,,,read,,,,1,,,0,,,,,
10987,"Voyager (Outlander, #3)",Diana Gabaldon,"Gabaldon, Diana",,0385335997,9780385335997,3,4.38,Delta,Paperback,870,2001,1993,15/02/2015,15/02/2015,,,read,,,,1,,,0,,,,,
19322249,Tigerman,Nick Harkaway,"Harkaway, Nick",,0385352417,9780385352413,5,3.92,Knopf,Hardcover,337,2014,2014,25/02/2015,25/02/2015,,,read,,,,1,,,0,,,,,
10988,"Drums of Autumn (Outlander, #4)",Diana Gabaldon,"Gabaldon, Diana",,0385335989,9780385335980,2,4.34,Delta,Paperback,880,2001,1996,15/02/2015,15/02/2015,,,read,,,,1,,,0,,,,,
5364,"Dragonfly in Amber (Outlander, #2)",Diana Gabaldon,"Gabaldon, Diana","Sven Christer Swahn, Gunilla Leining",0385335970,9780385335973,3,4.31,Bantam,Paperback,743,2001,1992,15/02/2015,15/02/2015,,,read,,,,1,,,0,,,,,
73100,"This Heart of Mine (Chicago Stars, #5)",Susan Elizabeth Phillips,"Phillips, Susan Elizabeth",,0380808080,,3,4.12,Avon,Mass Market Paperback,432,2002,2001,26/03/2015,26/03/2015,,,read,,,,1,,,0,,,,,
61904,"Paladin of Souls (World of the Five Gods, #2)",Lois McMaster Bujold,"Bujold, Lois McMaster",,0380818612,9780380818617,5,4.13,HarperTorch,Paperback,470,2005,2003,03/02/2015,03/02/2015,,,read,,,,1,,,0,,,,,
73090,"Lady Be Good (Wynette, Texas, #2)",Susan Elizabeth Phillips,"Phillips, Susan Elizabeth",,0380794489,9780380794485,3,3.98,Avon,Mass Market Paperback,384,2004,1999,26/03/2015,26/03/2015,,,read,,,,1,,,0,,,,,
73080,"Nobody's Baby But Mine (Chicago Stars, #3)",Susan Elizabeth Phillips,"Phillips, Susan Elizabeth",,0380782340,9780380782345,3,4.06,Avon Books,Mass Market Paperback,374,1997,1997,18/03/2015,18/03/2015,,,read,,,,1,,,0,,,,,
73095,"Dream a Little Dream (Chicago Stars, #4)",Susan Elizabeth Phillips,"Phillips, Susan Elizabeth",,0380794470,9780380794478,4,4.18,Avon,Paperback,400,1998,1998,20/03/2015,20/03/2015,,,read,,,,1,,,0,,,,,
73084,"Heaven, Texas (Chicago Stars, #2)",Susan Elizabeth Phillips,"Phillips, Susan Elizabeth",,0380776847,9780380776849,4,4.08,Avon,Mass Market Paperback,384,1995,1995,12/03/2015,12/03/2015,,,read,,,,1,,,0,,,,,
82434,Saving Francesca,Melina Marchetta,"Marchetta, Melina",,0375829830,9780375829833,4,3.96,Knopf Books for Young Readers,Paperback,243,2006,2003,17/03/2015,17/03/2015,,,read,,,,1,,,0,,,,,
73070,"It Had to Be You (Chicago Stars, #1)",Susan Elizabeth Phillips,"Phillips, Susan Elizabeth",,0380776839,9780380776832,4,4.04,Avon,Mass Market Paperback,376,2002,1994,13/03/2015,13/03/2015,,,read,,,,1,,,0,,,,,
113436,"Eragon (The Inheritance Cycle, #1)",Christopher Paolini,"Paolini, Christopher",,0375826696,9780375826696,3,3.87,Alfred A. Knopf Books for Young Readers,Paperback,503,2005,2002,22/01/2015,22/01/2015,,,read,,,,1,,,0,,,,,
20443235,"The Winner's Kiss (The Winner's Trilogy, #3)",Marie Rutkoski,"Rutkoski, Marie",,0374384738,9780374384739,3,4.28," Farrar, Straus and Giroux ",Hardcover,484,2016,2016,10/07/2016,10/07/2016,,,read,,,,1,,,0,,,,,
8909,The War of the Worlds,H.G. Wells,"Wells, H.G.",Arthur C. Clarke,0375759239,9780375759239,4,3.8,Modern Library,Paperback,192,2002,1898,,25/03/2014,,,read,,,,1,,,0,,,,,
20443207,"The Winner's Crime (The Winner's Trilogy, #2)",Marie Rutkoski,"Rutkoski, Marie",,0374384711,9780374384715,3,4.16,Farrar Straus Giroux ,ebook,416,2015,2015,10/07/2016,10/07/2016,,,read,,,,1,,,0,,,,,
11468377,"Thinking, Fast and Slow",Daniel Kahneman,"Kahneman, Daniel",,0374275637,9780374275631,5,4.1,"Farrar, Straus and Giroux",Hardcover,418,2011,2011,,19/03/2014,,,read,,,,1,,,0,,,,,
16069030,"The Winner's Curse (The Winner's Trilogy, #1)",Marie Rutkoski,"Rutkoski, Marie",,0374384681,9780374384685,3,4.02,Farrar Straus Giroux ,ebook,355,2014,2014,10/07/2016,10/07/2016,,,read,,,,1,,,0,,,,,
17883441,"The Forever Song (Blood of Eden, #3)",Julie Kagawa,"Kagawa, Julie",,0373211120,9780373211128,3,4.18,Harlequin Teen,Hardcover,393,2014,2014,06/04/2015,06/04/2015,,,read,,,,1,,,0,,,,,
13581990,"The Eternity Cure (Blood of Eden, #2)",Julie Kagawa,"Kagawa, Julie",,0373210698,9780373210695,3,4.25,Harlequin Teen,Hardcover,434,2013,2013,06/04/2015,06/04/2015,,,read,,,,1,,,0,,,,,
10215349,"The Immortal Rules (Blood of Eden, #1)",Julie Kagawa,"Kagawa, Julie",,0373210515,9780373210510,3,4.1,Harlequin Teen,Hardcover,485,2012,2012,06/04/2015,06/04/2015,,,read,,,,1,,,0,,,,,
23533039,Ancillary Mercy (Imperial Radch #3),Ann Leckie,"Leckie, Ann",,0356502422,9780356502427,4,4.2,Orbit,Paperback,330,2015,2015,10/12/2014,10/12/2014,,,read,,,,1,,,0,,,,,
17608111,"The Crimson Campaign (Powder Mage, #2)",Brian  McClellan,"McClellan, Brian",,0356502023,9780356502021,4,4.36,Orbit,Hardcover,596,2014,2014,14/06/2015,14/06/2015,,,read,,,,1,,,0,,,,,
18966806,"Morning Star (Red Rising, #3)",Pierce Brown,"Brown, Pierce",,0345539842,9780345539847,3,4.5,Del Rey,Hardcover,524,2016,2016,29/01/2016,29/01/2016,,,read,,,,1,,,0,,,,,
15839976,"Red Rising (Red Rising, #1)",Pierce Brown,"Brown, Pierce",,0345539788,9780345539786,4,4.26,Del Rey (Random House),Hardcover,382,2014,2014,29/01/2016,29/01/2016,,,read,,,,1,,,0,,,,,
18966819,"Golden Son (Red Rising, #2)",Pierce Brown,"Brown, Pierce",,0345539826,9780345539823,4,4.45,Del Rey,ebook,430,2015,2015,29/01/2016,29/01/2016,,,read,,,,1,,,0,,,,,
9970042,"Whispers Under Ground (Peter Grant, #3)",Ben Aaronovitch,"Aaronovitch, Ben",,0345524616,9780345524614,4,4.16,Del Rey,Paperback,303,2012,2012,04/03/2015,04/03/2015,,,read,,,,1,,,0,,,,,
8680417,"Midnight Riot (Peter Grant, #1)",Ben Aaronovitch,"Aaronovitch, Ben",,034552425X,9780345524256,4,3.92,Random House Ballantine,Paperback,298,2011,2011,04/03/2015,04/03/2015,,,read,,,,1,,,0,,,,,
8680418,"Moon Over Soho (Peter Grant, #2)",Ben Aaronovitch,"Aaronovitch, Ben",,0345524594,9780345524591,4,4.1,Random House Ballantine ,Paperback,289,2011,2011,04/03/2015,04/03/2015,,,read,,,,1,,,0,,,,,
45244,Judas Unchained,Peter F. Hamilton,"Hamilton, Peter F.",,0345461665,9780345461667,5,4.3,Del Rey,Hardcover,827,2006,2005,11/10/2015,11/10/2015,,,read,,,,1,,,0,,,,,
45252,Pandora's Star,Peter F. Hamilton,"Hamilton, Peter F.",,0345461622,9780345461629,5,4.24,Del Rey,Hardcover,768,2005,2004,11/10/2015,11/10/2015,,,read,,,,1,,,0,,,,,
234225,Dune (Dune Chronicles #1),Frank Herbert,"Herbert, Frank",,0340839937,9780340839935,5,4.2,Hodder & Stoughton,Paperback,604,2006,1965,29/11/2014,29/11/2014,,,read,,,,1,,,0,,,,,
78985,Sons of Fortune,Jeffrey Archer,"Archer, Jeffrey",,033041335X,9780330413350,0,3.83,Pan,Paperback,608,2003,2002,25/03/2015,25/03/2015,,,read,,,,1,,,0,,,,,
153008,"Kushiel's Dart (Phèdre's Trilogy, #1)",Jacqueline Carey,"Carey, Jacqueline",,0330493744,9780330493741,4,4.04,Tor Fantasy,Paperback,1015,2003,2001,23/03/2015,23/03/2015,,,read,,,,1,,,0,,,,,
24819470,"Ancillary Mercy (Imperial Radch, #3)",Ann Leckie,"Leckie, Ann",,0316246689,9780316246682,4,4.2,Orbit,Paperback,330,2015,2015,19/11/2015,19/11/2015,,,read,,,,1,,,0,,,,,
20706284,"Ancillary Sword (Imperial Radch, #2)",Ann Leckie,"Leckie, Ann",,0316246654,9780316246651,4,4.04,Orbit,Paperback,356,2014,2014,24/11/2014,24/11/2014,,,read,,,,1,,,0,,,,,
17333324,"Ancillary Justice (Imperial Radch, #1)",Ann Leckie,"Leckie, Ann",,031624662X,9780316246620,5,3.97,Orbit,Paperback,386,2013,2013,29/07/2014,29/07/2014,,,read,,,,1,,,0,,,,,
18295835,Heaven's Queen  (Paradox #3),Rachel Bach,"Bach, Rachel",,0316221120,9780316221122,3,3.95,Orbit,Paperback,379,2014,2014,19/12/2014,19/12/2014,,,read,,,,1,,,0,,,,,
15790894,Fortune's Pawn (Paradox #1),Rachel Bach,"Bach, Rachel",,0316221112,9780316221115,3,3.96,Orbit,Paperback,320,2013,2013,17/12/2014,17/12/2014,,,read,,,,1,,,0,,,,,
20883847,"The Autumn Republic (Powder Mage, #3)",Brian  McClellan,"McClellan, Brian",,0316219126,9780316219129,4,4.35,Orbit,Hardcover,580,2015,2015,14/06/2015,14/06/2015,,,read,,,,1,,,0,,,,,
16131473,Honor's Knight (Paradox #2),Rachel Bach,"Bach, Rachel",,0316221074,9780316221078,3,3.99,Orbit,ebook,384,2014,2014,19/12/2014,19/12/2014,,,read,,,,1,,,0,,,,,
15790883,"Promise of Blood (Powder Mage, #1)",Brian  McClellan,"McClellan, Brian",,0316219037,9780316219037,4,4.16,Orbit,Hardcover,545,2013,2013,14/06/2015,14/06/2015,,,read,,,,1,,,0,,,,,
18656030,"Cibola Burn (The Expanse, #4)",James S.A. Corey,"Corey, James S.A.",,031621762X,9780316217620,4,4.12,Orbit,Hardcover,581,2014,2014,10/12/2014,10/12/2014,,,read,,,,1,,,0,,,,,
12799420,"Prudence (The Custard Protocol, #1)",Gail Carriger,"Carriger, Gail",,0316212245,9780316212243,3,3.79,Orbit,Hardcover,357,2015,2015,14/12/2014,14/12/2014,,,read,,,,1,,,0,,,,,
13521459,"Red Country (First Law World, #6)",Joe Abercrombie,"Abercrombie, Joe",,0316214442,9780316214445,4,4.28,Orbit,ebook,469,2012,2012,05/06/2015,05/06/2015,,,read,,,,1,,,0,,,,,
12799435,"Imprudence (The Custard Protocol, #2)",Gail Carriger,"Carriger, Gail",,0316212210,9780316212212,0,4.06,Orbit,Hardcover,355,2016,2016,,17/12/2015,to-read,to-read (#2),to-read,,,,0,,,0,,,,,
10790290,"Theft of Swords (The Riyria Revelations, #1-2)",Michael J. Sullivan,"Sullivan, Michael J.",,0316187747,9780316187749,4,4.21,Orbit,Paperback,649,2011,2011,28/05/2015,28/05/2015,,,read,,,,1,,,0,,,,,
11100431,"Heir of Novron (The Riyria Revelations, #5-6)",Michael J. Sullivan,"Sullivan, Michael J.",,0316187712,9780316187718,4,4.47,Orbit,Paperback,932,2012,2012,28/05/2015,28/05/2015,,,read,,,,1,,,0,,,,,
10790277,"Rise of Empire (The Riyria Revelations, #3-4)",Michael J. Sullivan,"Sullivan, Michael J.",,0316187704,9780316187701,4,4.35,Orbit,Paperback,786,2011,2010,28/05/2015,28/05/2015,,,read,,,,1,,,0,,,,,
8490112,"Daughter of Smoke & Bone (Daughter of Smoke & Bone, #1)",Laini Taylor,"Taylor, Laini",,0316134023,9780316134026,4,4.04,"Little, Brown Books for Young Readers",Hardcover,422,2011,2011,13/04/2015,13/04/2015,,,read,,,,1,,,0,,,,,
13618440,"Dreams of Gods & Monsters (Daughter of Smoke & Bone, #3)",Laini Taylor,"Taylor, Laini",,0316134074,9780316134071,4,4.23,"Little, Brown & Company",Hardcover,613,2014,2014,13/04/2015,13/04/2015,,,read,,,,1,,,0,,,,,
12812550,"Days of Blood & Starlight (Daughter of Smoke & Bone, #2)",Laini Taylor,"Taylor, Laini",,0316133973,9780316133975,5,4.2,"Little, Brown Books for Young Readers",Hardcover,517,2012,2012,13/04/2015,13/04/2015,,,read,,,,1,,,0,,,,,
8356487,"Heartless (Parasol Protectorate, #4)",Gail Carriger,"Carriger, Gail",,0316127191,9780316127196,4,4.07,Orbit,Mass Market Paperback,374,2011,2011,16/12/2014,16/12/2014,,,read,,,,1,,,0,,,,,
16131032,"Abaddon's Gate (The Expanse, #3)",James S.A. Corey,"Corey, James S.A.",,0316129070,9780316129077,4,4.19,Orbit,Paperback,539,2013,2013,09/12/2014,09/12/2014,,,read,,,,1,,,0,,,,,
7719355,"Blameless (Parasol Protectorate, #3)",Gail Carriger,"Carriger, Gail",,0316074152,9780316074155,4,4.01,Orbit,Mass Market Paperback,355,2010,2010,16/12/2014,16/12/2014,,,read,,,,1,,,0,,,,,
6933876,"Changeless (Parasol Protectorate, #2)",Gail Carriger,"Carriger, Gail",,0316074144,9780316074148,4,4,Orbit,Mass Market Paperback,400,2010,2010,16/12/2014,16/12/2014,,,read,,,,1,,,0,,,,,
6381205,"Soulless (Parasol Protectorate, #1)",Gail Carriger,"Carriger, Gail",,0316056634,9780316056632,4,3.91,Orbit,Mass Market Paperback,357,2009,2009,16/12/2014,16/12/2014,,,read,,,,1,,,0,,,,,
78982,"Not a Penny More, Not a Penny Less",Jeffrey Archer,"Archer, Jeffrey",,0312997132,9780312997137,0,4.01,St. Martin's Paperbacks,Paperback,305,2004,1976,25/03/2015,25/03/2015,,,read,,,,1,,,0,,,,,
854757,Bet Me,Jennifer Crusie,"Crusie, Jennifer",,0312987854,9780312987855,3,3.94,St. Martin's Paperbacks,Paperback,391,2004,2004,14/03/2015,14/03/2015,,,read,,,,1,,,0,,,,,
7201,As the Crow Flies,Jeffrey Archer,"Archer, Jeffrey",,0312997116,9780312997113,0,4.06,St. Martin's Paperbacks,Paperback,800,2004,1990,25/03/2015,25/03/2015,,,read,,,,1,,,0,,,,,
2992061,Born of Night (The League: Nemesis Rising #1),Sherrilyn Kenyon,"Kenyon, Sherrilyn",,0312942303,9780312942304,2,4.2,St. Martin's Paperbacks,Mass Market Paperback,539,2009,1996,17/01/2015,17/01/2015,,,read,,,,1,,,0,,,,,
8648,"Xenocide (Ender's Saga, #3)",Orson Scott Card,"Card, Orson Scott",,0312861877,9780312861872,4,3.78,Tor Books,Mass Market Paperback,592,1996,1991,19/03/2014,19/03/2014,,,read,,,,1,,,0,,,,,
13206828,"Cress (The Lunar Chronicles, #3)",Marissa Meyer,"Meyer, Marissa",,0312642970,9780312642976,3,4.46,Feiwel & Friends,Hardcover,552,2014,2014,02/12/2014,02/12/2014,,,read,,,,1,,,0,,,,,
13206900,"Winter (The Lunar Chronicles, #4)",Marissa Meyer,"Meyer, Marissa",,0312642989,9780312642983,3,4.48,Feiwel & Friends,Hardcover,827,2015,2015,10/12/2014,10/12/2014,,,read,,,,1,,,0,,,,,
13206760,"Scarlet (The Lunar Chronicles, #2)",Marissa Meyer,"Meyer, Marissa",,0312642962,9780312642969,3,4.3,Feiwel & Friends,Hardcover,454,2013,2013,02/12/2014,02/12/2014,,,read,,,,1,,,0,,,,,
11235712,"Cinder (The Lunar Chronicles, #1)",Marissa Meyer,"Meyer, Marissa",,0312641893,9780312641894,3,4.15,Feiwel and Friends,Hardcover,390,2012,2012,02/12/2014,02/12/2014,,,read,,,,1,,,0,,,,,
4066312,"Smooth Talking Stranger (Travises, #3)",Lisa Kleypas,"Kleypas, Lisa",,0312351666,9780312351663,4,4.16,St. Martin's Press,Mass Market Paperback,340,2009,2009,16/03/2015,16/03/2015,,,read,,,,1,,,0,,,,,
61535,The Selfish Gene,Richard Dawkins,"Dawkins, Richard",,0199291152,9780199291151,4,4.12,Oxford University Press,Paperback,360,2006,1976,,19/03/2014,,,read,,,,1,,,0,,,,,
12266560,Angelmaker,Nick Harkaway,"Harkaway, Nick",,0307595951,9780307595959,5,3.93,Alfred A. Knopf,Hardcover,482,2012,2012,22/02/2015,22/02/2015,,,read,,,,1,,,0,,,,,
81069,The Forgotten Beasts of Eld,Patricia A. McKillip,"McKillip, Patricia A.",,0152055363,9780152055363,5,4.07,HMH Books for Young Readers,Paperback,343,2006,1974,04/07/2016,04/07/2016,,,read,,,,1,,,0,,,,,
847168,A View from the Bridge: A Play in Two Acts,Arthur Miller,"Miller, Arthur",,0140481354,9780140481358,3,3.7,Penguin Books,Paperback,96,1977,1955,19/04/2015,19/04/2015,,,read,,,,1,,,0,,,,,
7144,Crime and Punishment,Fyodor Dostoyevsky,"Dostoyevsky, Fyodor",David McDuff,0143058142,9780143058144,4,4.19,Penguin,Paperback,671,2002,1866,,19/03/2014,,,read,,,,1,,,0,,,,,
17881,Notes from Underground & The Double,Fyodor Dostoyevsky,"Dostoyevsky, Fyodor",Jessie Coulson,0140442529,9780140442526,4,4.19,Penguin Books,Paperback,287,1972,2009,,19/03/2014,,,read,,,,1,,,0,,,,,
23253083,"Flamecaster (Shattered Realms, #1)",Cinda Williams Chima,"Chima, Cinda Williams",,006238094X,9780062380944,0,4.05,HarperCollins,Hardcover,535,2016,2016,,06/10/2015,to-read,to-read (#1),to-read,,,,0,,,0,,,,,
6527841,"A Conspiracy of Kings (The Queen's Thief, #4)",Megan Whalen Turner,"Turner, Megan Whalen",,0061870935,9780061870934,3,4.08,Greenwillow Books/HarperCollins Publishers,Hardcover,316,2010,2010,22/04/2015,22/04/2015,,,read,,,,1,,,0,,,,,
13335037,"Divergent (Divergent, #1)",Veronica Roth,"Roth, Veronica",,0062024035,9780062024039,3,4.23,Katherine Tegen Books,Paperback,487,2012,2011,30/11/2014,30/11/2014,,,read,,,,1,,,0,,,,,
2657,To Kill a Mockingbird,Harper Lee,"Lee, Harper",,0061120081,9780061120084,0,4.26,Harper Perennial Modern Classics,Paperback,324,2006,1960,03/12/2014,03/12/2014,,,read,,,,1,,,0,,,,,
40158,"The Queen of Attolia (The Queen's Thief, #2)",Megan Whalen Turner,"Turner, Megan Whalen",,0060841826,9780060841829,4,4.22,Eos,Paperback,362,2006,2000,22/04/2015,22/04/2015,,,read,,,,1,,,0,,,,,
40159,"The King of Attolia (The Queen's Thief, #3)",Megan Whalen Turner,"Turner, Megan Whalen",,006083577X,9780060835774,5,4.36,Greenwillow Books,Hardcover,387,2006,2006,22/04/2015,22/04/2015,,,read,,,,1,,,0,,,,,
448873,"The Thief (The Queen's Thief, #1)",Megan Whalen Turner,"Turner, Megan Whalen",,0060824972,9780060824976,3,3.91,Greenwillow Books,Paperback,280,2005,1996,22/04/2015,22/04/2015,,,read,,,,1,,,0,,,,,
73064,"Natural Born Charmer (Chicago Stars, #7)",Susan Elizabeth Phillips,"Phillips, Susan Elizabeth",,0060734574,9780060734572,5,4.15,William Morrow,Hardcover,400,2007,2004,08/03/2015,08/03/2015,,,read,,,,1,,,0,,,,,
14497,Neverwhere,Neil Gaiman,"Gaiman, Neil",,0060557818,9780060557812,4,4.18,William Morrow Paperbacks,Paperback,370,2003,1996,13/08/2015,13/08/2015,,,read,,,,1,,,0,,,,,
73089,"Match Me If You Can (Chicago Stars, #6)",Susan Elizabeth Phillips,"Phillips, Susan Elizabeth",,0060734566,9780060734565,4,4.13,AVON Books,Mass Market Paperback,388,2006,2005,26/03/2015,26/03/2015,,,read,,,,1,,,0,,,,,
21611,"The Forever War (The Forever War, #1)",Joe Haldeman,"Haldeman, Joe",,0060510862,9780060510862,5,4.15,Voyager,Paperback,278,2003,1974,22/11/2014,22/11/2014,,,read,,,,1,,,0,,,,,
18710190,"Allegiant (Divergent, #3)",Veronica Roth,"Roth, Veronica",,0007524277,9780007524273,2,3.63,HarperCollins Children's Book's,Hardcover,526,2013,2013,30/11/2014,30/11/2014,,,read,,,,1,,,0,,,,,
60223,"See Jane Score (Chinooks Hockey Team, #2)",Rachel Gibson,"Gibson, Rachel",,0060009241,9780060009243,3,4.06,Avon,Mass Market Paperback,363,2003,2003,20/03/2015,20/03/2015,,,read,,,,1,,,0,,,,,
11735983,"Insurgent (Divergent, #2)",Veronica Roth,"Roth, Veronica",,0007442912,9780007442911,3,4.06,HarperCollins Children's Books,Hardcover,525,2012,2012,30/11/2014,30/11/2014,,,read,,,,1,,,0,,,,,
9579634,"Prince of Thorns (The Broken Empire, #1)",Mark  Lawrence,"Lawrence, Mark",,0007423292,9780007423293,3,3.87,Voyager,Hardcover,384,2011,2011,08/05/2015,08/05/2015,,,read,,,,1,,,0,,,,,
3272165,Bad Science,Ben Goldacre,"Goldacre, Ben",,0007240198,9780007240197,5,4.07,Fourth Estate,Paperback,338,2008,2008,,25/03/2014,,,read,,,,1,,,0,,,,,
7139892,"Under Heaven (Under Heaven, #1)",Guy Gavriel Kay,"Kay, Guy Gavriel",,0007342012,9780007342013,4,4.13,HarperVoyager,Hardcover,573,2010,2010,26/09/2015,26/09/2015,,,read,,,,1,,,0,,,,,
61886,"The Curse of Chalion (World of the Five Gods, #1)",Lois McMaster Bujold,"Bujold, Lois McMaster",,0007133618,9780007133611,5,4.16,Voyager,Paperback,496,2003,2000,25/01/2015,25/01/2015,,,read,,,,1,,,0,,,,,
